[{
  "_id": {
    "$oid": "65de73a5e8cef6ce35e6ec34"
  },
  "nome": "Jon Daly",
  "foto": "https://lh3.googleusercontent.com/drive-viewer/AKGpiha_tgdqReO4pt5LvlkMcbCTjM9dWpLZftIOm8eYt-HX0F9t-u3leAm4OR1kFptuR788SXjP-U2Uu87Vp5rvXafOgquqeg=s2560",
  "descricao": "Breve descrição",
  "participaEm": [
    {
      "tipo": "filme",
      "id": "65de739be8cef6ce35e6ec23"
    }
  ],
  "dataDeNascimento": {
    "$numberLong": "936864000000"
  }
},
{
  "_id": {
    "$oid": "65de73a5e8cef6ce35e6ec36"
  },
  "nome": "Kyle Glass",
  "foto": "https://lh3.googleusercontent.com/drive-viewer/AKGpiha_tgdqReO4pt5LvlkMcbCTjM9dWpLZftIOm8eYt-HX0F9t-u3leAm4OR1kFptuR788SXjP-U2Uu87Vp5rvXafOgquqeg=s2560",
  "descricao": "Breve descrição",
  "participaEm": [
    {
      "tipo": "serie",
      "id": "65de739fe8cef6ce35e6ec2d"
    }
  ],
  "dataDeNascimento": {
    "$numberLong": "936864000000"
  }
},
{
  "_id": {
    "$oid": "65de73a5e8cef6ce35e6ec37"
  },
  "nome": "Roberty Downey Jr.",
  "foto": "https://lh3.googleusercontent.com/drive-viewer/AKGpiha_tgdqReO4pt5LvlkMcbCTjM9dWpLZftIOm8eYt-HX0F9t-u3leAm4OR1kFptuR788SXjP-U2Uu87Vp5rvXafOgquqeg=s2560",
  "descricao": "Breve descrição",
  "participaEm": [
    {
      "tipo": "filme",
      "id": "65de739be8cef6ce35e6ec24"
    }
  ],
  "dataDeNascimento": {
    "$numberLong": "936864000000"
  }
},
{
  "_id": {
    "$oid": "65de73a5e8cef6ce35e6ec3a"
  },
  "nome": "Adria Arjona",
  "foto": "https://lh3.googleusercontent.com/drive-viewer/AKGpiha_tgdqReO4pt5LvlkMcbCTjM9dWpLZftIOm8eYt-HX0F9t-u3leAm4OR1kFptuR788SXjP-U2Uu87Vp5rvXafOgquqeg=s2560",
  "descricao": "Breve descrição",
  "participaEm": [
    {
      "tipo": "filme",
      "id": "65de739be8cef6ce35e6ec25"
    }
  ],
  "dataDeNascimento": {
    "$numberLong": "936864000000"
  }
},
{
  "_id": {
    "$oid": "65de73a5e8cef6ce35e6ec41"
  },
  "nome": "Connie Nielsen",
  "foto": "https://lh3.googleusercontent.com/drive-viewer/AKGpiha_tgdqReO4pt5LvlkMcbCTjM9dWpLZftIOm8eYt-HX0F9t-u3leAm4OR1kFptuR788SXjP-U2Uu87Vp5rvXafOgquqeg=s2560",
  "descricao": "Breve descrição",
  "participaEm": [
    {
      "tipo": "filme",
      "id": "65de739be8cef6ce35e6ec27"
    }
  ],
  "dataDeNascimento": {
    "$numberLong": "936864000000"
  }
},
{
  "_id": {
    "$oid": "65de73a5e8cef6ce35e6ec45"
  },
  "nome": "Tyler Hoechlin",
  "foto": "https://lh3.googleusercontent.com/drive-viewer/AKGpiha_tgdqReO4pt5LvlkMcbCTjM9dWpLZftIOm8eYt-HX0F9t-u3leAm4OR1kFptuR788SXjP-U2Uu87Vp5rvXafOgquqeg=s2560",
  "descricao": "Breve descrição",
  "participaEm": [
    {
      "tipo": "filme",
      "id": "65de739be8cef6ce35e6ec29"
    }
  ],
  "dataDeNascimento": {
    "$numberLong": "936864000000"
  }
},
{
  "_id": {
    "$oid": "65de73a5e8cef6ce35e6ec4d"
  },
  "nome": "Caroline Dhavernas",
  "foto": "https://lh3.googleusercontent.com/drive-viewer/AKGpiha_tgdqReO4pt5LvlkMcbCTjM9dWpLZftIOm8eYt-HX0F9t-u3leAm4OR1kFptuR788SXjP-U2Uu87Vp5rvXafOgquqeg=s2560",
  "descricao": "Breve descrição",
  "participaEm": [
    {
      "tipo": "serie",
      "id": "65de739fe8cef6ce35e6ec2e"
    }
  ],
  "dataDeNascimento": {
    "$numberLong": "936864000000"
  }
},
{
  "_id": {
    "$oid": "65de73a5e8cef6ce35e6ec50"
  },
  "nome": "Omar Epps",
  "foto": "https://lh3.googleusercontent.com/drive-viewer/AKGpiha_tgdqReO4pt5LvlkMcbCTjM9dWpLZftIOm8eYt-HX0F9t-u3leAm4OR1kFptuR788SXjP-U2Uu87Vp5rvXafOgquqeg=s2560",
  "descricao": "Breve descrição",
  "participaEm": [
    {
      "tipo": "serie",
      "id": "65de739fe8cef6ce35e6ec2f"
    }
  ],
  "dataDeNascimento": {
    "$numberLong": "936864000000"
  }
},
{
  "_id": {
    "$oid": "65de73a5e8cef6ce35e6ec33"
  },
  "nome": "Kristen Wiig",
  "foto": "https://lh3.googleusercontent.com/drive-viewer/AKGpiha_tgdqReO4pt5LvlkMcbCTjM9dWpLZftIOm8eYt-HX0F9t-u3leAm4OR1kFptuR788SXjP-U2Uu87Vp5rvXafOgquqeg=s2560",
  "descricao": "Breve descrição",
  "participaEm": [
    {
      "tipo": "filme",
      "id": "65de739be8cef6ce35e6ec23"
    }
  ],
  "dataDeNascimento": {
    "$numberLong": "936864000000"
  }
},
{
  "_id": {
    "$oid": "65de73a5e8cef6ce35e6ec35"
  },
  "nome": "Jack Black",
  "foto": "https://upload.wikimedia.org/wikipedia/commons/4/48/2016_RiP_Tenacious_D_-_Jack_Black_-_by_2eight_-_8SC8891.jpg",
  "descricao": "Thomas Jacob Black é um ator, comediante e músico americano. É um membro importante do Frat Pack, um nome utilizado para um grupo de comediantes activos nos filmes de Hollywood actuais. Black também está na ordem de alguns dos maiores filmes de Hollywood e dos filmes indie mais pequenos. Ele e Kyle Gass formam o duo de comédia-rock Tenacious D.",
  "participaEm": [
    {
      "tipo": "filme",
      "id": "65de739be8cef6ce35e6ec24"
    },
    {
      "tipo": "filme",
      "id": "65de739be8cef6ce35e6ec26"
    },
    {
      "tipo": "serie",
      "id": "65de739fe8cef6ce35e6ec2d"
    }
  ],
  "dataDeNascimento": {
    "$numberLong": "10890000000"
  }
},
{
  "_id": {
    "$oid": "65de73a5e8cef6ce35e6ec39"
  },
  "nome": "Glenn Powell",
  "foto": "https://upload.wikimedia.org/wikipedia/commons/d/d1/Glen_Powell_in_2016.jpg",
  "descricao": "Glen Thomas Powell Jr. é um ator americano. Começou a sua carreira com papéis de convidado na televisão e pequenos papéis em filmes como Spy Kids 3-D: Game Over e Fast Food Nation antes de conseguir um papel principal na série de comédia-terror Scream Queens.",
  "participaEm": [
    {
      "tipo": "filme",
      "id": "65de739be8cef6ce35e6ec25"
    },
    {
      "tipo": "filme",
      "id": "65de739be8cef6ce35e6ec29"
    }
  ],
  "dataDeNascimento": {
    "$numberLong": "908924400000"
  }
},
{
  "_id": {
    "$oid": "65de73a5e8cef6ce35e6ec40"
  },
  "nome": "Joaquin Phoenix",
  "foto": "https://lh3.googleusercontent.com/drive-viewer/AKGpiha_tgdqReO4pt5LvlkMcbCTjM9dWpLZftIOm8eYt-HX0F9t-u3leAm4OR1kFptuR788SXjP-U2Uu87Vp5rvXafOgquqeg=s2560",
  "descricao": "Breve descrição",
  "participaEm": [
    {
      "tipo": "filme",
      "id": "65de739be8cef6ce35e6ec27"
    }
  ],
  "dataDeNascimento": {
    "$numberLong": "936864000000"
  }
},
{
  "_id": {
    "$oid": "65de73a5e8cef6ce35e6ec44"
  },
  "nome": "Blake Jenner",
  "foto": "https://lh3.googleusercontent.com/drive-viewer/AKGpiha_tgdqReO4pt5LvlkMcbCTjM9dWpLZftIOm8eYt-HX0F9t-u3leAm4OR1kFptuR788SXjP-U2Uu87Vp5rvXafOgquqeg=s2560",
  "descricao": "Breve descrição",
  "participaEm": [
    {
      "tipo": "filme",
      "id": "65de739be8cef6ce35e6ec29"
    }
  ],
  "dataDeNascimento": {
    "$numberLong": "936864000000"
  }
},
{
  "_id": {
    "$oid": "65de73a5e8cef6ce35e6ec46"
  },
  "nome": "Andrew Adamson",
  "foto": "https://m.media-amazon.com/images/M/MV5BOGU4OTY4MzYtMzQzMC00Yjc3LTk1ZjctNDRiMzFjMjdkZDBmXkEyXkFqcGdeQXVyMTY5NzUwOQ@@._V1_.jpg",
  "descricao": "Andrew Ralph Adamson MNZM é um cineasta neozelandês. Ficou mais conhecido pelo seu trabalho em Shrek, da DreamWorks.",
  "participaEm": [
    {
      "tipo": "filme",
      "id": "65de739be8cef6ce35e6ec2a"
    },
    {
      "tipo": "filme",
      "id": "65de739be8cef6ce35e6ec2b"
    }
  ],
  "dataDeNascimento": {
    "$numberLong": "-97372800000"
  }
},
{
  "_id": {
    "$oid": "65de73a5e8cef6ce35e6ec4b"
  },
  "nome": "Mads Mikkelsen",
  "foto": "https://upload.wikimedia.org/wikipedia/commons/f/f2/Mads_Mikkelsen_Cannes_2013_2.jpg",
  "descricao": "Mads Dittmann Mikkelsen é um conceituado ator dinamarquês, conhecido pela sua presença em filmes independentes e por balancear trabalhos estrangeiros e Hollywoodianos.",
  "participaEm": [
    {
      "tipo": "serie",
      "id": "65de739fe8cef6ce35e6ec2e"
    }
  ],
  "dataDeNascimento": {
    "$numberLong": "-129686400000"
  }
},
{
  "_id": {
    "$oid": "65de73a5e8cef6ce35e6ec4c"
  },
  "nome": "Hugh Dancy",
  "foto": "https://lh3.googleusercontent.com/drive-viewer/AKGpiha_tgdqReO4pt5LvlkMcbCTjM9dWpLZftIOm8eYt-HX0F9t-u3leAm4OR1kFptuR788SXjP-U2Uu87Vp5rvXafOgquqeg=s2560",
  "descricao": "Breve descrição",
  "participaEm": [
    {
      "tipo": "serie",
      "id": "65de739fe8cef6ce35e6ec2e"
    }
  ],
  "dataDeNascimento": {
    "$numberLong": "936864000000"
  }
},
{
  "_id": {
    "$oid": "65de73a5e8cef6ce35e6ec4e"
  },
  "nome": "Hugh Laurie",
  "foto": "https://upload.wikimedia.org/wikipedia/commons/4/4d/Hugh_Laurie%2C_from_a_bit_of_Fry_%26_Laurie%2C_http---en.wikipedia.org-wiki-Hugh_laurie_%289450843901%29_%28cropped%29.jpg",
  "descricao": "James Hugh Calum Laurie, é um premiado ator e músico britânico, conhecido por seu trabalho na série de televisão House como Dr. Gregory House, papel que desempenhou de 2004 a 2012.",
  "participaEm": [
    {
      "tipo": "serie",
      "id": "65de739fe8cef6ce35e6ec2f"
    }
  ],
  "dataDeNascimento": {
    "$numberLong": "-333248400000"
  }
},
{
  "_id": {
    "$oid": "65de73a5e8cef6ce35e6ec51"
  },
  "nome": "Robert Sean Leonard",
  "foto": "https://lh3.googleusercontent.com/drive-viewer/AKGpiha_tgdqReO4pt5LvlkMcbCTjM9dWpLZftIOm8eYt-HX0F9t-u3leAm4OR1kFptuR788SXjP-U2Uu87Vp5rvXafOgquqeg=s2560",
  "descricao": "Breve descrição",
  "participaEm": [
    {
      "tipo": "serie",
      "id": "65de739fe8cef6ce35e6ec2f"
    }
  ],
  "dataDeNascimento": {
    "$numberLong": "936864000000"
  }
},
{
  "_id": {
    "$oid": "65de73a5e8cef6ce35e6ec32"
  },
  "nome": "Ben Stiller",
  "foto": "https://upload.wikimedia.org/wikipedia/commons/e/ed/Ben_Stiller%2C_Paris_%28France%29_%28cropped%29_2.jpg",
  "descricao": "Benjamin Edward Meara Stiller é um ator, comediante, produtor, realizador de cinema e argumentista americano. É filho dos falecidos comediantes e actores Jerry Stiller e Anne Meara.",
  "participaEm": [
    {
      "tipo": "filme",
      "id": "65de73a5e8cef6ce35e6ec34"
    },
    {
      "tipo": "filme",
      "id": "65de739be8cef6ce35e6ec24"
    }
  ],
  "dataDeNascimento": {
    "$numberLong": "-128995200000"
  }
},
{
  "_id": {
    "$oid": "65de73a5e8cef6ce35e6ec3b"
  },
  "nome": "Retta",
  "foto": "https://lh3.googleusercontent.com/drive-viewer/AKGpiha_tgdqReO4pt5LvlkMcbCTjM9dWpLZftIOm8eYt-HX0F9t-u3leAm4OR1kFptuR788SXjP-U2Uu87Vp5rvXafOgquqeg=s2560",
  "descricao": "Breve descrição",
  "participaEm": [
    {
      "tipo": "filme",
      "id": "65de739be8cef6ce35e6ec25"
    }
  ],
  "dataDeNascimento": {
    "$numberLong": "936864000000"
  }
},
{
  "_id": {
    "$oid": "65de73a5e8cef6ce35e6ec3c"
  },
  "nome": "Mike White",
  "foto": "https://lh3.googleusercontent.com/drive-viewer/AKGpiha_tgdqReO4pt5LvlkMcbCTjM9dWpLZftIOm8eYt-HX0F9t-u3leAm4OR1kFptuR788SXjP-U2Uu87Vp5rvXafOgquqeg=s2560",
  "descricao": "Breve descrição",
  "participaEm": [
    {
      "tipo": "filme",
      "id": "65de739be8cef6ce35e6ec26"
    }
  ],
  "dataDeNascimento": {
    "$numberLong": "936864000000"
  }
},
{
  "_id": {
    "$oid": "65de73a5e8cef6ce35e6ec3e"
  },
  "nome": "Ridley Scott",
  "foto": "https://upload.wikimedia.org/wikipedia/commons/5/5c/Ridley_Scott_by_Gage_Skidmore.jpg",
  "descricao": "Sir Ridley Leighton Scott, é um renomado diretor e produtor de cinema britânico, notório por realizar grandes produções de ficção científica, suspense e épico misturando ocasionalmente os três gêneros em uma mesma obra. ",
  "participaEm": [
    {
      "tipo": "filme",
      "id": "65de739be8cef6ce35e6ec27"
    },
    {
      "tipo": "filme",
      "id": "65de739be8cef6ce35e6ec28"
    }
  ],
  "dataDeNascimento": {
    "$numberLong": "-1012608000000"
  }
},
{
  "_id": {
    "$oid": "65de73a5e8cef6ce35e6ec3f"
  },
  "nome": "Russel Crowe",
  "foto": "https://upload.wikimedia.org/wikipedia/commons/8/8e/Russell_Crowe_%2833994020424%29.jpg",
  "descricao": "Russell Ira Crowe é um premiado ator e produtor de cinema neozelandês. Depois do sucesso inicial na Austrália, onde sua família mora desde sua infância, tornou-se um ator de Hollywood no meio da década de 1990.",
  "participaEm": [
    {
      "tipo": "filme",
      "id": "65de739be8cef6ce35e6ec27"
    },
    {
      "tipo": "filme",
      "id": "65de739be8cef6ce35e6ec28"
    }
  ],
  "dataDeNascimento": {
    "$numberLong": "-181011600000"
  }
},
{
  "_id": {
    "$oid": "65de73a5e8cef6ce35e6ec42"
  },
  "nome": "Abbie Cornish",
  "foto": "https://lh3.googleusercontent.com/drive-viewer/AKGpiha_tgdqReO4pt5LvlkMcbCTjM9dWpLZftIOm8eYt-HX0F9t-u3leAm4OR1kFptuR788SXjP-U2Uu87Vp5rvXafOgquqeg=s2560",
  "descricao": "Breve descrição",
  "participaEm": [
    {
      "tipo": "filme",
      "id": "65de739be8cef6ce35e6ec28"
    }
  ],
  "dataDeNascimento": {
    "$numberLong": "936864000000"
  }
},
{
  "_id": {
    "$oid": "65de73a5e8cef6ce35e6ec47"
  },
  "nome": "Mike Myers",
  "foto": "https://upload.wikimedia.org/wikipedia/commons/a/a1/MikeMyersJune07.jpg",
  "descricao": "Michael John Myers OC é um ator, comediante, roteirista, produtor de cinema e dublador canadiense.",
  "participaEm": [
    {
      "tipo": "filme",
      "id": "65de739be8cef6ce35e6ec2a"
    },
    {
      "tipo": "filme",
      "id": "65de739be8cef6ce35e6ec2b"
    }
  ],
  "dataDeNascimento": {
    "$numberLong": "-208486800000"
  }
},
{
  "_id": {
    "$oid": "65de73a5e8cef6ce35e6ec48"
  },
  "nome": "Eddie Murphy",
  "foto": "https://lh3.googleusercontent.com/drive-viewer/AKGpiha_tgdqReO4pt5LvlkMcbCTjM9dWpLZftIOm8eYt-HX0F9t-u3leAm4OR1kFptuR788SXjP-U2Uu87Vp5rvXafOgquqeg=s2560",
  "descricao": "Breve descrição",
  "participaEm": [
    {
      "tipo": "filme",
      "id": "65de739be8cef6ce35e6ec2a"
    },
    {
      "tipo": "filme",
      "id": "65de739be8cef6ce35e6ec2b"
    }
  ],
  "dataDeNascimento": {
    "$numberLong": "936864000000"
  }
},
{
  "_id": {
    "$oid": "65de73a5e8cef6ce35e6ec49"
  },
  "nome": "Cameron Diaz",
  "foto": "https://lh3.googleusercontent.com/drive-viewer/AKGpiha_tgdqReO4pt5LvlkMcbCTjM9dWpLZftIOm8eYt-HX0F9t-u3leAm4OR1kFptuR788SXjP-U2Uu87Vp5rvXafOgquqeg=s2560",
  "descricao": "Breve descrição",
  "participaEm": [
    {
      "tipo": "filme",
      "id": "65de739be8cef6ce35e6ec2a"
    },
    {
      "tipo": "filme",
      "id": "65de739be8cef6ce35e6ec2b"
    }
  ],
  "dataDeNascimento": {
    "$numberLong": "936864000000"
  }
},
{
  "_id": {
    "$oid": "65de73a5e8cef6ce35e6ec4a"
  },
  "nome": "Bryan Fuller",
  "foto": "https://upload.wikimedia.org/wikipedia/commons/b/bb/Bryan_Fuller_at_2016_Comic-Con_International.jpg",
  "descricao": "Bryan Fuller é um roteirista e produtor de televisão americano, responsável por criar um número de séries de televisão aclamadas pela crítica em diferentes emissoras.",
  "participaEm": [
    {
      "tipo": "serie",
      "id": "65de739fe8cef6ce35e6ec2e"
    }
  ],
  "dataDeNascimento": {
    "$numberLong": "-13654800000"
  }
},
{
  "_id": {
    "$oid": "65de73a5e8cef6ce35e6ec4f"
  },
  "nome": "David Shore",
  "foto": "https://upload.wikimedia.org/wikipedia/commons/b/bb/David_Shore_2009_crop.jpg",
  "descricao": "David Shore é um roteirista, produtor de televisão e ex-advogado canadiense",
  "participaEm": [
    {
      "tipo": "serie",
      "id": "65de739fe8cef6ce35e6ec2f"
    }
  ],
  "dataDeNascimento": {
    "$numberLong": "-331347600000"
  }
},
{
  "_id": {
    "$oid": "65de73a5e8cef6ce35e6ec52"
  },
  "nome": "Álex Pina",
  "foto": "https://media.themoviedb.org/t/p/w300_and_h450_bestv2/hMKcFPRKo0I4WLBvkvppyBFDGr8.jpg",
  "descricao": "Alejandro Pina Calafi, mais conhecido como Álex Pina, é um produtor, escritor, criador e diretor de televisão espanhol.",
  "participaEm": [
    {
      "tipo": "serie",
      "id": "65de739fe8cef6ce35e6ec30"
    }
  ],
  "dataDeNascimento": {
    "$numberLong": "-79750800000"
  }
},
{
  "_id": {
    "$oid": "65de73a5e8cef6ce35e6ec53"
  },
  "nome": "Álvaro Morte",
  "foto": "https://lh3.googleusercontent.com/drive-viewer/AKGpiha_tgdqReO4pt5LvlkMcbCTjM9dWpLZftIOm8eYt-HX0F9t-u3leAm4OR1kFptuR788SXjP-U2Uu87Vp5rvXafOgquqeg=s2560",
  "descricao": "Breve descrição",
  "participaEm": [
    {
      "tipo": "serie",
      "id": "65de739fe8cef6ce35e6ec30"
    }
  ],
  "dataDeNascimento": {
    "$numberLong": "936864000000"
  }
},
{
  "_id": {
    "$oid": "65de73a5e8cef6ce35e6ec38"
  },
  "nome": "Richard Linklater",
  "foto": "https://upload.wikimedia.org/wikipedia/commons/d/db/Richard_Linklater_April_2015.jpg",
  "descricao": "Richard Stuart Linklater é um realizador, produtor e argumentista norte-americano. Ele é conhecido por fazer filmes que lidam tematicamente com a cultura suburbana e os efeitos da passagem do tempo.",
  "participaEm": [
    {
      "tipo": "filme",
      "id": "65de739be8cef6ce35e6ec25"
    },
    {
      "tipo": "filme",
      "id": "65de739be8cef6ce35e6ec26"
    },
    {
      "tipo": "filme",
      "id": "65de739be8cef6ce35e6ec29"
    }
  ],
  "dataDeNascimento": {
    "$numberLong": "-297392400000"
  }
},
{
  "_id": {
    "$oid": "65de73a5e8cef6ce35e6ec3d"
  },
  "nome": "Joan Cusack",
  "foto": "https://lh3.googleusercontent.com/drive-viewer/AKGpiha_tgdqReO4pt5LvlkMcbCTjM9dWpLZftIOm8eYt-HX0F9t-u3leAm4OR1kFptuR788SXjP-U2Uu87Vp5rvXafOgquqeg=s2560",
  "descricao": "Breve descrição",
  "participaEm": [
    {
      "tipo": "filme",
      "id": "65de739be8cef6ce35e6ec26"
    }
  ],
  "dataDeNascimento": {
    "$numberLong": "936864000000"
  }
},
{
  "_id": {
    "$oid": "65de73a5e8cef6ce35e6ec43"
  },
  "nome": "Albert Finney",
  "foto": "https://lh3.googleusercontent.com/drive-viewer/AKGpiha_tgdqReO4pt5LvlkMcbCTjM9dWpLZftIOm8eYt-HX0F9t-u3leAm4OR1kFptuR788SXjP-U2Uu87Vp5rvXafOgquqeg=s2560",
  "descricao": "Breve descrição",
  "participaEm": [
    {
      "tipo": "filme",
      "id": "65de739be8cef6ce35e6ec28"
    }
  ],
  "dataDeNascimento": {
    "$numberLong": "936864000000"
  }
},
{
  "_id": {
    "$oid": "65de73a5e8cef6ce35e6ec54"
  },
  "nome": "Úrsula Corberó",
  "foto": "https://upload.wikimedia.org/wikipedia/commons/e/e9/Premios_Goya_2018_-_%C3%9Arsula_Corber%C3%B3_%28cropped%29.jpg",
  "descricao": "Úrsula Corberó Delgado é uma atriz espanhola.",
  "participaEm": [
    {
      "tipo": "serie",
      "id": "65de739fe8cef6ce35e6ec30"
    }
  ],
  "dataDeNascimento": {
    "$numberLong": "618793200000"
  }
},
{
  "_id": {
    "$oid": "65de73a5e8cef6ce35e6ec55"
  },
  "nome": "Itziar Ituño",
  "foto": "https://lh3.googleusercontent.com/drive-viewer/AKGpiha_tgdqReO4pt5LvlkMcbCTjM9dWpLZftIOm8eYt-HX0F9t-u3leAm4OR1kFptuR788SXjP-U2Uu87Vp5rvXafOgquqeg=s2560",
  "descricao": "Breve descrição",
  "participaEm": [
    {
      "tipo": "serie",
      "id": "65de739fe8cef6ce35e6ec30"
    }
  ],
  "dataDeNascimento": {
    "$numberLong": "936864000000"
  }
}]