[{
  "_id": {
    "$oid": "65de739be8cef6ce35e6ec23"
  },
  "titulo": "A Vida Secreta de Walter Mitty",
  "tituloOriginal": "The Secret Life of Walter Mitty",
  "sinopse": "Quando seu trabalho junto com o de seu colega é ameaçado, Walter entra em ação no mundo real se embarcando numa jornada global que se transforma em a aventura mais extraordinária do que qualquer coisa que ele poderia ter imaginado.",
  "realizador": {
    "nome": "Ben Stiller",
    "id": "65de73a5e8cef6ce35e6ec32"
  },
  "elenco": [
    {
      "nome": "Ben Stiller",
      "id": "65de73a5e8cef6ce35e6ec32"
    },
    {
      "nome": "Kristen Wiig",
      "id": "65de73a5e8cef6ce35e6ec33"
    },
    {
      "nome": "Jon Daly",
      "id": "65de73a5e8cef6ce35e6ec34"
    }
  ],
  "classificacaoEtaria": "+10",
  "capa": "https://upload.wikimedia.org/wikipedia/pt/d/dd/The_Secret_Life_of_Walter_Mitty.jpg",
  "trailer": "https://www.youtube.com/watch?v=QD6cy4PBQPI",
  "duracao": 114,
  "mediaAvaliacoes": 5,
  "dataLancamento": {
    "$numberLong": "1380927600000"
  },
  "visualizacoes": 0,
  "comentarios": [
    {
      "$oid": "65e77080a199158edf4a17a9"
    },
    {
      "$oid": "65e7707da199158edf4a17a8"
    },
    {
      "$oid": "65e77077a199158edf4a17a7"
    },
    {
      "$oid": "65e613c15b33078dd35aabf3"
    }
  ],
  "generos": [
    "Aventura",
    "Comédia",
    "Drama",
    "Fantasia",
    "Romance"
  ]
},
{
  "_id": {
    "$oid": "65de739be8cef6ce35e6ec27"
  },
  "titulo": "Gladiador",
  "tituloOriginal": "Gladiator",
  "sinopse": "Um general romano planeja a melhor vingança contra o imperador corrupto que matou sua familia e o fez escravo.",
  "realizador": {
    "id": "65de73a5e8cef6ce35e6ec3e",
    "nome": "Ridley Scott"
  },
  "elenco": [
    {
      "nome": "Russel Crowe",
      "id": "65de73a5e8cef6ce35e6ec3f"
    },
    {
      "nome": "Joaquin Phoenix",
      "id": "65de73a5e8cef6ce35e6ec40"
    },
    {
      "nome": "Connie Nielsen",
      "id": "65de73a5e8cef6ce35e6ec41"
    }
  ],
  "classificacaoEtaria": "+14",
  "capa": "https://upload.wikimedia.org/wikipedia/pt/4/44/GladiadorPoster.jpg",
  "trailer": "https://www.youtube.com/watch?v=P5ieIbInFpg",
  "duracao": 155,
  "dataLancamento": {
    "$numberLong": "957481200000"
  },
  "mediaAvaliacoes": 0,
  "visualizacoes": 0,
  "comentarios": [],
  "generos": [
    "Ação",
    "Aventura",
    "Drama"
  ]
},
{
  "_id": {
    "$oid": "65de739be8cef6ce35e6ec28"
  },
  "titulo": "Um Bom Ano",
  "tituloOriginal": "A Good Year",
  "sinopse": "Um corretor de investimentos britânico herda o castelo e a vinha de seu tio na Provença, onde ele passou grande parte de sua infância.",
  "realizador": {
    "nome": "Ridley Scott",
    "id": "65de73a5e8cef6ce35e6ec3e"
  },
  "elenco": [
    {
      "nome": "Russel Crowe",
      "id": "65de73a5e8cef6ce35e6ec3f"
    },
    {
      "nome": "Abbie Cornish",
      "id": "65de73a5e8cef6ce35e6ec42"
    },
    {
      "nome": "Albert Finney",
      "id": "65de73a5e8cef6ce35e6ec43"
    }
  ],
  "classificacaoEtaria": "+10",
  "capa": "https://upload.wikimedia.org/wikipedia/en/4/47/A_Good_Year.jpg",
  "trailer": "https://www.youtube.com/watch?v=dGzP5lbdZkU",
  "duracao": 118,
  "mediaAvaliacoes": 0,
  "dataLancamento": {
    "$numberLong": "1163116800000"
  },
  "visualizacoes": 0,
  "comentarios": [],
  "generos": [
    "Comédia",
    "Drama",
    "Romance"
  ]
},
{
  "_id": {
    "$oid": "65de739be8cef6ce35e6ec29"
  },
  "titulo": "Jovens, Loucos e Mais Rebeldes",
  "tituloOriginal": "Everybody Wants Some!!",
  "sinopse": "Em 1980, um grupo de jogadores de beisebol universitário faz o seu caminho através das liberdades e responsabilidades da vida adulta sem supervisão.",
  "realizador": {
    "nome": "Richard Linklater",
    "id": "65de73a5e8cef6ce35e6ec38"
  },
  "elenco": [
    {
      "nome": "Glenn Powell",
      "id": "65de73a5e8cef6ce35e6ec39"
    },
    {
      "nome": "Blake Jenner",
      "id": "65de73a5e8cef6ce35e6ec44"
    },
    {
      "nome": "Tyler Hoechlin",
      "id": "65de73a5e8cef6ce35e6ec45"
    }
  ],
  "classificacaoEtaria": "+16",
  "capa": "https://upload.wikimedia.org/wikipedia/pt/0/0d/Everybody_Wants_Some.png",
  "trailer": "https://www.youtube.com/watch?v=WyuCY_UT7KY",
  "duracao": 110,
  "mediaAvaliacoes": 0,
  "dataLancamento": {
    "$numberLong": "1459292400000"
  },
  "visualizacoes": 0,
  "comentarios": [],
  "generos": [
    "Comédia"
  ]
},
{
  "_id": {
    "$oid": "65de739be8cef6ce35e6ec2a"
  },
  "titulo": "Shrek",
  "tituloOriginal": "Shrek",
  "sinopse": "O ogro Shrek perde sua paz quando um cavaleiro força personagens de contos de fadas a morarem no pântano. Decidido a ter sua paz de volta, ele parte em uma missão de resgate de uma princesa",
  "realizador": {
    "nome": "Andrew Adamson",
    "id": "65de73a5e8cef6ce35e6ec46"
  },
  "elenco": [
    {
      "nome": "Mike Myers",
      "id": "65de73a5e8cef6ce35e6ec47"
    },
    {
      "nome": "Eddie Murphy",
      "id": "65de73a5e8cef6ce35e6ec48"
    },
    {
      "nome": "Cameron Diaz",
      "id": "65de73a5e8cef6ce35e6ec49"
    }
  ],
  "classificacaoEtaria": "+3",
  "capa": "https://upload.wikimedia.org/wikipedia/en/7/7b/Shrek_%282001_animated_feature_film%29.jpg",
  "trailer": "https://www.youtube.com/watch?v=CwXOrWvPBPk",
  "duracao": 90,
  "mediaAvaliacoes": 0,
  "dataLancamento": {
    "$numberLong": "987894000000"
  },
  "visualizacoes": 0,
  "comentarios": [],
  "generos": [
    "Animação",
    "Aventura",
    "Comédia",
    "Família",
    "Fantasia",
    "Romance"
  ]
},
{
  "_id": {
    "$oid": "65de739be8cef6ce35e6ec24"
  },
  "titulo": "Trovão Tropical",
  "tituloOriginal": "Tropic Thunder",
  "sinopse": "Através de uma série de eventos estranhos, um grupo de atores que filmam um filme de guerra de grande orçamento são forçados a se tornarem os soldados que estão retratando.",
  "realizador": {
    "nome": "Ben Stiller",
    "id": "65de73a5e8cef6ce35e6ec32"
  },
  "elenco": [
    {
      "nome": "Jack Black",
      "id": "65de73a5e8cef6ce35e6ec35"
    },
    {
      "nome": "Ben Stiller",
      "id": "65de73a5e8cef6ce35e6ec32"
    },
    {
      "nome": "Robert Downey jr",
      "id": "65de73a5e8cef6ce35e6ec37"
    }
  ],
  "classificacaoEtaria": "+16",
  "capa": "https://upload.wikimedia.org/wikipedia/pt/0/0a/TropicThunder.jpg",
  "trailer": "https://www.youtube.com/watch?v=9Pl4JNnqNaE",
  "duracao": 106,
  "mediaAvaliacoes": 0,
  "dataLancamento": {
    "$numberLong": "1218582000000"
  },
  "visualizacoes": 0,
  "comentarios": [],
  "generos": [
    "Ação",
    "Comédia",
    "Guerra"
  ]
},
{
  "_id": {
    "$oid": "65de739be8cef6ce35e6ec26"
  },
  "titulo": "Escola do Rock",
  "tituloOriginal": "School of Rock",
  "sinopse": "Depois de sair de sua banda de rock, Dewey Finn se torna num professor substituto de uma escola particular e tenta transformá-los em uma banda de rock.",
  "realizador": {
    "nome": "Richard Linklater",
    "id": "65de73a5e8cef6ce35e6ec38"
  },
  "elenco": [
    {
      "nome": "Jack Black",
      "id": "65de73a5e8cef6ce35e6ec35"
    },
    {
      "nome": "Mike White",
      "id": "65de73a5e8cef6ce35e6ec3c"
    },
    {
      "nome": "Joan Cusack",
      "id": "65de73a5e8cef6ce35e6ec3d"
    }
  ],
  "classificacaoEtaria": "+3",
  "capa": "https://upload.wikimedia.org/wikipedia/pt/1/1b/Schoolrockposter.jpg",
  "trailer": "https://www.youtube.com/watch?v=TExoc0MG4I4",
  "duracao": 109,
  "mediaAvaliacoes": 0,
  "dataLancamento": {
    "$numberLong": "1065135600000"
  },
  "visualizacoes": 0,
  "comentarios": [],
  "generos": [
    "Comédia",
    "Musical"
  ]
},
{
  "_id": {
    "$oid": "65de739be8cef6ce35e6ec25"
  },
  "titulo": "Assassino Por Acaso",
  "tituloOriginal": "Hit Man",
  "sinopse": "Gary Johnson trabalha para a polícia e finge ser um assassino de aluguel para prender aqueles que o contratam. Um dia ele quebra o protocolo para salvar uma mulher desesperada que tenta fugir.",
  "realizador": {
    "nome": "Richard Linklater",
    "id": ""
  },
  "elenco": [
    {
      "nome": "Glenn Powell",
      "id": ""
    },
    {
      "nome": "Adria Arjona",
      "id": ""
    },
    {
      "nome": "Retta",
      "id": ""
    }
  ],
  "classificacaoEtaria": "+18",
  "capa": "https://m.media-amazon.com/images/M/MV5BYzBkYjUwYjUtZmE1NC00ZDk2LWEyZmUtY2MzYTZlNjQ2ZjgyXkEyXkFqcGdeQXVyMDM2NDM2MQ@@._V1_QL75_UY281_CR6,0,190,281_.jpg",
  "trailer": "https://www.youtube.com/watch?v=V4ajQ3SoCNo",
  "duracao": 115,
  "mediaAvaliacoes": 0,
  "dataLancamento": {
    "$numberLong": "1693868400000"
  },
  "visualizacoes": 0,
  "comentarios": [],
  "generos": [
    "Ação",
    "Comédia"
  ]
},
{
  "_id": {
    "$oid": "65de739be8cef6ce35e6ec2b"
  },
  "titulo": "Shrek 2",
  "tituloOriginal": "Shrek 2",
  "sinopse": "Os pais da princesa Fiona convidam ela e Shrek para jantar para celebrar seu casamento, mas eles não sabem que os recém-casados são ogros",
  "realizador": {
    "nome": "Andrew Adamson",
    "id": "65de73a5e8cef6ce35e6ec46"
  },
  "elenco": [
    {
      "nome": "Mike Myers",
      "id": "65de73a5e8cef6ce35e6ec47"
    },
    {
      "nome": "Eddie Murphy",
      "id": "65de73a5e8cef6ce35e6ec48"
    },
    {
      "nome": "Cameron Diaz",
      "id": "65de73a5e8cef6ce35e6ec49"
    }
  ],
  "classificacaoEtaria": "+3",
  "capa": "https://upload.wikimedia.org/wikipedia/en/b/b9/Shrek_2_poster.jpg",
  "trailer": "https://www.youtube.com/watch?v=xBgSfhp5Fxo",
  "duracao": 93,
  "mediaAvaliacoes": 0,
  "dataLancamento": {
    "$numberLong": "1084575600000"
  },
  "visualizacoes": 0,
  "comentarios": [],
  "generos": [
    "Animação",
    "Aventura",
    "Comédia",
    "Família",
    "Fantasia",
    "Romance"
  ]
}]