[{
  "_id": {
    "$oid": "65e5a01cde0f619624348e79"
  },
  "nome": "Valter Branco",
  "email": "VBranco@teste.net",
  "password": "drogas",
  "conteudoVisto": [
    {
      "tipo": "serie",
      "id": "65de739fe8cef6ce35e6ec2d",
      "visualizado": {
        "$numberLong": "1709635083584"
      }
    }
  ],
  "conteudoPorVer": [
    {
      "tipo": "serie",
      "id": "65de739fe8cef6ce35e6ec2d",
      "episodiosVistos": [
        4
      ]
    },
    {
      "tipo": "filme",
      "id": "65de739be8cef6ce35e6ec23"
    },
    {
      "tipo": "serie",
      "id": "65de739fe8cef6ce35e6ec2f",
      "episodiosVistos": []
    },
    {
      "tipo": "serie",
      "id": "65de739fe8cef6ce35e6ec2e",
      "episodiosVistos": []
    }
  ],
  "conteudoFavorito": [
    {
      "tipo": "serie",
      "id": "65de739fe8cef6ce35e6ec2d"
    },
    {
      "tipo": "filme",
      "id": "65de739be8cef6ce35e6ec23"
    }
  ],
  "historicoComentarios": [
    {
      "$oid": "65e613c15b33078dd35aabf3"
    },
    {
      "$oid": "65e613c85b33078dd35aabf4"
    },
    {
      "$oid": "65e7621aae6b9e0d00cd3eb6"
    },
    {
      "$oid": "65e7621cae6b9e0d00cd3eb7"
    },
    {
      "$oid": "65e76220ae6b9e0d00cd3eb8"
    },
    {
      "$oid": "65e76228ae6b9e0d00cd3eb9"
    },
    {
      "$oid": "65e7622aae6b9e0d00cd3eba"
    },
    {
      "$oid": "65e77077a199158edf4a17a7"
    },
    {
      "$oid": "65e7707da199158edf4a17a8"
    },
    {
      "$oid": "65e77080a199158edf4a17a9"
    }
  ],
  "seguidores": [],
  "quemSegue": [
    "65e5a023de0f619624348e7a"
  ],
  "privado": false,
  "admin": false,
  "estatisticas": {
    "filmes": {
      "quantidade": 0,
      "tempo": 0,
      "generos": []
    },
    "series": {
      "quantidade": 1,
      "tempo": 72,
      "generos": [
        "Comédia",
        "Musical"
      ]
    }
  },
  "imagemPerfil": "https://i.imgur.com/l6LwynX.jpeg",
  "dataRegisto": {
    "$numberLong": "1709547548426"
  }
},
{
  "_id": {
    "$oid": "65e5a023de0f619624348e7a"
  },
  "nome": "Gandalf, O Grande",
  "email": "gandalf@teste.net",
  "password": "magia",
  "conteudoVisto": [
    {
      "tipo": "serie",
      "id": "65de739fe8cef6ce35e6ec2d",
      "visualizado": {
        "$numberLong": "1709933886349"
      }
    },
    {
      "tipo": "filme",
      "id": "65de739be8cef6ce35e6ec28",
      "visualizado": {
        "$numberLong": "1709912588737"
      }
    },
    {
      "tipo": "filme",
      "id": "65de739be8cef6ce35e6ec23",
      "visualizado": {
        "$numberLong": "1709910172820"
      }
    },
    {
      "tipo": "filme",
      "id": "65de739be8cef6ce35e6ec24",
      "visualizado": {
        "$numberLong": "1709899493010"
      }
    }
  ],
  "conteudoPorVer": [
    {
      "tipo": "filme",
      "id": "65de739be8cef6ce35e6ec25"
    },
    {
      "tipo": "filme",
      "id": "65de739be8cef6ce35e6ec27"
    },
    {
      "tipo": "filme",
      "id": "65de739be8cef6ce35e6ec28"
    },
    {
      "tipo": "filme",
      "id": "65de739be8cef6ce35e6ec2a"
    },
    {
      "tipo": "serie",
      "id": "65de739fe8cef6ce35e6ec2d",
      "episodiosVistos": [
        4
      ]
    },
    {
      "tipo": "filme",
      "id": "65de739be8cef6ce35e6ec23"
    },
    {
      "tipo": "serie",
      "id": "65de739fe8cef6ce35e6ec30",
      "episodiosVistos": []
    },
    {
      "tipo": "serie",
      "id": "65de739fe8cef6ce35e6ec2f",
      "episodiosVistos": []
    },
    {
      "tipo": "serie",
      "id": "65de739fe8cef6ce35e6ec2e",
      "episodiosVistos": []
    }
  ],
  "conteudoFavorito": [
    {
      "tipo": "serie",
      "id": "65de739fe8cef6ce35e6ec2d"
    },
    {
      "tipo": "filme",
      "id": "65de739be8cef6ce35e6ec28"
    }
  ],
  "historicoComentarios": [
    {
      "$oid": "65e613c15b33078dd35aabf3"
    },
    {
      "$oid": "65e77080a199158edf4a17a9"
    }
  ],
  "seguidores": [
    "65e5a01cde0f619624348e79"
  ],
  "quemSegue": [],
  "privado": true,
  "admin": false,
  "estatisticas": {
    "filmes": {
      "quantidade": 3,
      "tempo": 338,
      "generos": [
        "Comédia",
        "Drama",
        "Romance",
        "Aventura",
        "Fantasia",
        "Ação",
        "Guerra"
      ]
    },
    "series": {
      "quantidade": 1,
      "tempo": 72,
      "generos": [
        "Comédia",
        "Musical"
      ]
    }
  },
  "imagemPerfil": "https://i.imgur.com/eOtKaB8.jpeg",
  "dataRegisto": {
    "$numberLong": "1709547555398"
  }
},
{
  "_id": {
    "$oid": "65eed7618bb2129407cddd47"
  },
  "nome": "Carolina",
  "email": "carol@email.com",
  "password": "1a16253b-a450-55cf-9158-c33b83834db0",
  "conteudoVisto": {
    "filmes": [],
    "series": []
  },
  "conteudoPorVer": {
    "filmes": [],
    "series": []
  },
  "conteudoFavorito": [
    {}
  ],
  "historicoComentarios": [],
  "seguidores": [],
  "quemSegue": [],
  "privado": false,
  "admin": false,
  "estatisticas": {
    "filmes": {
      "quantidade": 0,
      "tempo": 0,
      "generos": []
    },
    "series": {
      "quantidade": 0,
      "tempo": 0,
      "generos": []
    }
  },
  "imagemPerfil": "https://lh3.googleusercontent.com/drive-viewer/AKGpihb9iHsw_mmv03fXeFQGKpGqAXkhNKv770U3y2fDwQN61jIp2bwhNt2HDPQzO3bl26EdGdfE7Y9J98z3_4ARI6LnZhzYtg=s1600",
  "dataRegisto": {
    "$numberLong": "1710151521448"
  }
}]