[{
  "_id": {
    "$oid": "65de739fe8cef6ce35e6ec2d"
  },
  "titulo": "Tenacious D",
  "tituloOriginal": "Tenacious D",
  "sinopse": "Tenacious D é um grupo musical de dois elementos, e esta série documenta as suas muitas lutas como amigos e como uma banda de dois indivíduos muito absurdos.",
  "realizador": {
    "nome": "Jack Black",
    "id": "65de73a5e8cef6ce35e6ec35"
  },
  "elenco": [
    {
      "nome": "Jack Black",
      "id": "65de73a5e8cef6ce35e6ec35"
    },
    {
      "nome": "Kyle Glass",
      "id": "65de73a5e8cef6ce35e6ec36"
    }
  ],
  "classificacaoEtaria": "+18",
  "capa": "https://image.tmdb.org/t/p/w600_and_h900_bestv2/oqltGTLtKufpyVpnGXFqZpPFjSq.jpg",
  "trailer": "https://www.youtube.com/watch?v=TCd7_pp0xnY",
  "duracao": 12,
  "temporadas": [
    [
      {
        "titulo": "The Search for Inspirado",
        "descricao": "Depois de um show de sucesso na noite de microfone aberto, o anfitrião, Paul F. Tompkins, pede ao Tenacious D para tocar uma nova canção. A banda procura inspiração, mas não consegue nada. A pressão disso leva à separação da banda. A separação da banda torna-se na inspiração para a nova canção."
      },
      {
        "titulo": "Angel in Disguise",
        "descricao": "Jack se apaixona por uma garota chamada Flarna, e confessa seu amor por ela a Kyle. Kyle é então visto com Flarna, e Jack usa karate nele. Durante sua luta, Flarna é levado por um ladrão armado que atira em Jack, mas Kyle mergulha na frente da bala. Kyle é então visto deitado, imóvel. Enquanto Jack canta sobre a sua perda, Kyle reaparece, e na canção atribui sua sobrevivência a um grande medalhão de amizade que Jack lhe havia dado."
      },
      {
        "titulo": "Death of a Dream",
        "descricao": "Após mais uma noite de microfone aberto, a banda anuncia um evento de assinatura de T-shirts. Quando ninguém aparece para a sessão de autógrafos, o par tem uma chance de falar com o dono da loja, Capitão Ed (Ernest M. Garcia), que convence o duo que acreditar que eles poderiam ser estrelas do rock é como acreditar no Pé-grande. A banda quase desiste do seu sonho, mas é salva quando eles descobrem que o Pé-grande existe."
      },
      {
        "titulo": "The Greatest Song in the World",
        "descricao": "Um escritor se muda para o apartamento ao lado do Tenacious D, e quando estes iniciam seus rituais pré-show, seu novo vizinho fica extremamente incomodado. Ele chama a polícia, e o Tenacious D então cantam sua canção 'Tribute', para explicar o seu lado da história."
      },
      {
        "titulo": "The Fan",
        "descricao": "Após atuar numa noite de microfone aberto, Black estupidamente lança sua palheta para a multidão e não pode mais continuar o show sem ela. Depois do show, Lee dá-lhes a palheta e divulga a informação no seu site de fãs. o Tenacious D vão imediatamente dar uma olhada, e se tornam stalkers de Lee. Eles invadem sua casa e cantam uma canção para ele, intitulada 'Lee', e no final do episódio eles são todos amigos novamente, e juntos cantam a música 'Special Thing' numa noite de microfone aberto."
      },
      {
        "titulo": "Road Gig",
        "descricao": "O anfitrião da noite microfone aberto, Paul F. Tompkins, informa o Tenacious D que seu irmão precisa de algumas bandas para atuar no seu novo clube. Ele a convida o Tenacious D a ir, e eles fazem-se à estrada (embora o clube fique no fundo da rua). A caminho do show, um inseto atinge o para-brisas do carro, e não há nenhum fluido de limpeza."
      }
    ]
  ],
  "mediaAvaliacoes": 3,
  "dataLancamento": {
    "$numberLong": "880675200000"
  },
  "visualizacoes": 0,
  "comentarios": [
    {
      "$oid": "65e613c85b33078dd35aabf4"
    }
  ],
  "generos": [
    "Comédia",
    "Musical"
  ]
},
{
  "_id": {
    "$oid": "65de739fe8cef6ce35e6ec2e"
  },
  "titulo": "Hannibal",
  "tituloOriginal": "Hannibal",
  "sinopse": "Explora a relação entre um psiquiatra e seu paciente que é un agente do FBI, e sua habilidade de empatizar con assassinos.",
  "realizador": {
    "nome": "Bryan Fuller",
    "id": "65de73a5e8cef6ce35e6ec4a"
  },
  "elenco": [
    {
      "nome": "Mads Mikkelsen",
      "id": "65de73a5e8cef6ce35e6ec4b"
    },
    {
      "nome": "Hugh Dancy",
      "id": "65de73a5e8cef6ce35e6ec4c"
    },
    {
      "nome": "Caroline Dhavernas",
      "id": "65de73a5e8cef6ce35e6ec4d"
    }
  ],
  "classificacaoEtaria": "+18",
  "capa": "https://upload.wikimedia.org/wikipedia/en/8/85/Hannibal_season_1.png",
  "trailer": "https://www.youtube.com/watch?v=Es3B24z8fdA",
  "duracao": 43,
  "temporadas": [
    [
      {
        "titulo": "Apéritif",
        "descricao": "O investigador especial do FBI Will Graham, que é assombrado pela sua capacidade de simpatizar com assassinos em série e recriar mentalmente os seus crimes com detalhes vívidos, é atraído para a investigação de uma série de raparigas universitárias desaparecidas pelo agente especial Jack Crawford (Laurence Fishburne), que tem um interesse especial na capacidade de Graham."
      },
      {
        "titulo": "Amuse-Bouche",
        "descricao": "Will Graham ajuda a encontrar um assassino que usa as suas vítimas como fertilizante para fazer crescer cogumelos"
      },
      {
        "titulo": "Potage",
        "descricao": "Abigail Hobbs acorda do seu coma."
      }
    ],
    [
      {
        "titulo": "Kaiseki",
        "descricao": "Jack Crawford visita o Dr. Hannibal Lecter em sua casa e ataca-o imediatamente."
      },
      {
        "titulo": "Sakizuke",
        "descricao": "O jovem Roland Umber escapa do silo, mas é perseguido pelo assassino através de um milheiral até à beira de um penhasco e morre ao tentar saltar para a água."
      },
      {
        "titulo": "Hassun",
        "descricao": "O julgamento de Graham começa e a acusação pinta-o como um psicopata inteligente e criativo."
      }
    ],
    [
      {
        "titulo": "Antipasto",
        "descricao": "Enquanto persegue o Dr. Roman Fell até uma festa em Paris, Hannibal Lecter conhece Antony Dimmond."
      },
      {
        "titulo": "Primavera",
        "descricao": "Will Graham acorda no hospital depois de ter sido esfaqueado quase mortalmente por Hannibal Lecter."
      },
      {
        "titulo": "Secondo",
        "descricao": "Will viaja até à casa de infância de Lecter, na Lituânia, em busca do seu némesis."
      }
    ]
  ],
  "mediaAvaliacoes": 0,
  "dataLancamento": {
    "$numberLong": "1365030000000"
  },
  "visualizacoes": 0,
  "comentarios": [],
  "generos": [
    "Policial",
    "Drama",
    "Terror",
    "Mistério",
    "Suspense"
  ]
},
{
  "_id": {
    "$oid": "65de739fe8cef6ce35e6ec2f"
  },
  "titulo": "Dr. House",
  "tituloOriginal": "House M.D.",
  "sinopse": "Um médico antisocial faz o que seja para resolver os casos mas difíceis que se encontra com a ajuda do equipe de médicos.",
  "realizador": {
    "nome": "David Shore",
    "id": "65de73a5e8cef6ce35e6ec4f"
  },
  "elenco": [
    {
      "nome": "Hugh Laurie",
      "id": "65de73a5e8cef6ce35e6ec4e"
    },
    {
      "nome": "Omar Epps",
      "id": "65de73a5e8cef6ce35e6ec50"
    },
    {
      "nome": "Robert Sean Leonard",
      "id": "65de73a5e8cef6ce35e6ec51"
    }
  ],
  "classificacaoEtaria": "+14",
  "capa": "https://upload.wikimedia.org/wikipedia/en/b/ba/HouseMD-s1-UK-DVD.jpg",
  "trailer": "https://www.youtube.com/watch?v=SaA-z3E6F3E",
  "duracao": 45,
  "temporadas": [
    [
      {
        "titulo": "Everybody Lies",
        "descricao": "Rebecca Adler, uma professora de jardim de infância de 29 anos, fica afásica e desmaia devido a uma convulsão na sua sala de aula."
      },
      {
        "titulo": "Paternity",
        "descricao": "Dan, um estudante do liceu de 16 anos, começa a ter terrores noturnos e alucinações frequentes depois de jogar lacrosse na escola."
      },
      {
        "titulo": "Occam's Razor",
        "descricao": "Um estudante universitário chamado Brandon tem um colapso depois de ter relações sexuais com a sua noiva."
      }
    ],
    [
      {
        "titulo": "Acceptance",
        "descricao": "House é chamado para uma consulta sobre um recluso do corredor da morte com sintomas misteriosos."
      },
      {
        "titulo": "Autopsy",
        "descricao": "Uma doente de cancro de nove anos é levada perante o Parlamento depois de ter tido alucinações."
      },
      {
        "titulo": "Humpty Dumpty",
        "descricao": "Cuddy sente-se responsável quando o seu faz-tudo cai do telhado e apresenta sintomas invulgares."
      }
    ],
    [
      {
        "titulo": "Meaning",
        "descricao": "House recuperou dos ferimentos de bala e está de volta ao trabalho."
      },
      {
        "titulo": "Cane and Able",
        "descricao": "Clancy, de sete anos, dá entrada no hospital com uma hemorragia rectal, alegando ter sido raptado por extraterrestres."
      },
      {
        "titulo": "Informed Consent",
        "descricao": "O novo paciente de House é Ezra Powell, uma famosa pioneira da investigação médica que sofre um colapso no seu laboratório."
      }
    ]
  ],
  "mediaAvaliacoes": 0,
  "dataLancamento": {
    "$numberLong": "1100563200000"
  },
  "visualizacoes": 0,
  "comentarios": [],
  "generos": [
    "Drama",
    "Mistério"
  ]
},
{
  "_id": {
    "$oid": "65de739fe8cef6ce35e6ec30"
  },
  "titulo": "La Casa de Papel",
  "tituloOriginal": "La Casa de Papel",
  "sinopse": "Um grupo de ladrões peculiares assaltam a Fábrica de Moneda e Timbre para realizar o assalto mais perfeito da história da Espanha e levar para casa bilhões de euros.",
  "realizador": {
    "nome": "Álex Pina",
    "id": "65de73a5e8cef6ce35e6ec52"
  },
  "elenco": [
    {
      "nome": "Úrsula Corberó",
      "id": "65de73a5e8cef6ce35e6ec54"
    },
    {
      "nome": "Álvaro Morte",
      "id": "65de73a5e8cef6ce35e6ec53"
    },
    {
      "nome": "Itziar Ituño",
      "id": "65de73a5e8cef6ce35e6ec55"
    }
  ],
  "classificacaoEtaria": "+16",
  "capa": "https://static.wikia.nocookie.net/money-heist/images/c/cf/Money_Heist_Part_1_poster.jpg",
  "trailer": "https://www.youtube.com/watch?v=CT2gQ-YAC8M",
  "duracao": 59,
  "temporadas": [
    [
      {
        "titulo": "Efectuar lo acordado",
        "descricao": "Artisticamente guiado por um homem misterioso chamado 'O Professor', um grupo de ladrões: Tóquio, Rio, Berlim, Nairobi, Denver, Moscou, Oslo e Helsinque invadem a Casa da Moeda Real da Espanha em macacões vermelhos e máscaras de Salvador Dalí e tomam conta de 67 reféns como parte de seu plano de imprimir e escapar com € 2,4 bilhões."
      },
      {
        "titulo": "Imprudencias letales",
        "descricao": "Os assaltantes começam a imprimir o dinheiro enquanto Arturo Román, um dos reféns, começa a fazer planos para fugir, auxiliado por sua secretária e amante Mónica Gaztambide, que está grávida de seu filho."
      },
      {
        "titulo": "Errar al disparar",
        "descricao": "Acreditando que Denver executou Mónica sob as ordens de Berlim, Moscou, o pai de Denver, está devastado e tenta se entregar, mas é dissuadido por seu próprio filho."
      }
    ],
    [
      {
        "titulo": "Hemos vuelto",
        "descricao": "Mais de dois anos após o assalto, Arturo discursa para uma grande multidão condenando os membros fugitivos da quadrilha que o mantinham refém na Casa da Moeda."
      },
      {
        "titulo": "Aikido",
        "descricao": "O Professor inicia o plano de assaltar o Banco da Espanha usando aeronaves para liberar dinheiro em Madrid."
      },
      {
        "titulo": "48 metros bajo el suelo",
        "descricao": "Enquanto comandavam o Banco, os ladrões se envolvem em uma série de intensos conflitos com guardas e funcionários do governo."
      }
    ],
    [
      {
        "titulo": "El final del camino",
        "descricao": "O Professor enfrenta Sierra. Tamayo convoca o exército, dificultando as negociações."
      },
      {
        "titulo": "¿Crees en la reencarnación?",
        "descricao": "Arturo aproveita uma oportunidade para colocar em prática uma vingança pessoal."
      },
      {
        "titulo": "El espectáculo de la vida",
        "descricao": "Uma traição e uma emergência pegam Sierra de surpresa."
      }
    ]
  ],
  "mediaAvaliacoes": 0,
  "dataLancamento": {
    "$numberLong": "1493679600000"
  },
  "visualizacoes": 0,
  "comentarios": [],
  "generos": [
    "Ação",
    "Policial",
    "Drama",
    "Mistério",
    "Suspense"
  ]
}]