[{
  "_id": {
    "$oid": "65e613c15b33078dd35aabf3"
  },
  "comentario": "Melhor cena que alguma vez vi 10/10",
  "avaliacao": 3,
  "utilizador": "65e5a023de0f619624348e7a",
  "data": {
    "$numberLong": "1709577153392"
  }
},
{
  "_id": {
    "$oid": "65e613c85b33078dd35aabf4"
  },
  "comentario": "Melhor cena que alguma vez vi 10/10",
  "avaliacao": 3,
  "utilizador": "65e5a01cde0f619624348e79",
  "data": {
    "$numberLong": "1709577160048"
  }
},
{
  "_id": {
    "$oid": "65e7621aae6b9e0d00cd3eb6"
  },
  "comentario": "Melhor cena que alguma vez vi 10/10",
  "avaliacao": 3,
  "utilizador": "65e5a01cde0f619624348e79",
  "data": {
    "$numberLong": "1709662746641"
  }
},
{
  "_id": {
    "$oid": "65e7621cae6b9e0d00cd3eb7"
  },
  "comentario": "Melhor cena que alguma vez vi 10/10",
  "avaliacao": 3,
  "utilizador": "65e5a01cde0f619624348e79",
  "data": {
    "$numberLong": "1709662748256"
  }
},
{
  "_id": {
    "$oid": "65e76220ae6b9e0d00cd3eb8"
  },
  "comentario": "Melhor cena que alguma vez vi 10/10",
  "avaliacao": 7,
  "utilizador": "65e5a01cde0f619624348e79",
  "data": {
    "$numberLong": "1709662752966"
  }
},
{
  "_id": {
    "$oid": "65e76228ae6b9e0d00cd3eb9"
  },
  "comentario": "Melhor cena que alguma vez vi 10/10",
  "avaliacao": 1,
  "utilizador": "65e5a01cde0f619624348e79",
  "data": {
    "$numberLong": "1709662760243"
  }
},
{
  "_id": {
    "$oid": "65e7622aae6b9e0d00cd3eba"
  },
  "comentario": "Melhor cena que alguma vez vi 10/10",
  "avaliacao": 4,
  "utilizador": "65e5a01cde0f619624348e79",
  "data": {
    "$numberLong": "1709662762670"
  }
},
{
  "_id": {
    "$oid": "65e77077a199158edf4a17a7"
  },
  "comentario": "Melhor cena que alguma vez vi 10/10",
  "avaliacao": 7,
  "utilizador": "65e5a01cde0f619624348e79",
  "data": {
    "$numberLong": "1709666423212"
  }
},
{
  "_id": {
    "$oid": "65e7707da199158edf4a17a8"
  },
  "comentario": "Melhor cena que alguma vez vi 10/10",
  "avaliacao": 4,
  "utilizador": "65e5a01cde0f619624348e79",
  "data": {
    "$numberLong": "1709666429152"
  }
},
{
  "_id": {
    "$oid": "65e77080a199158edf4a17a9"
  },
  "comentario": "Melhor cena que alguma vez vi 10/10",
  "avaliacao": 5,
  "utilizador": "65e5a023de0f619624348e7a",
  "data": {
    "$numberLong": "1709666432877"
  }
}]