{"_type":"export","__export_format":4,"__export_date":"2024-03-18T10:42:45.991Z","__export_source":"insomnia.desktop.app:v8.6.1","resources":[{"_id":"req_2c441d31a5ab4672a25c26a9cbc290ba","parentId":"fld_d414a8b710bc4d15a9d3c1163f2a659d","modified":1710758462070,"created":1709198100466,"url":"http://localhost:3000/api/utilizador/65e5a023de0f619624348e7a","name":"Obter 1 utilizador","description":"","method":"GET","body":{},"parameters":[],"headers":[{"name":"User-Agent","value":"insomnia/8.6.1"}],"authentication":{},"metaSortKey":-1710758446038,"isPrivate":false,"pathParameters":[],"settingStoreCookies":true,"settingSendCookies":true,"settingDisableRenderRequestBody":false,"settingEncodeUrl":true,"settingRebuildPath":true,"settingFollowRedirects":"global","_type":"request"},{"_id":"fld_d414a8b710bc4d15a9d3c1163f2a659d","parentId":"wrk_d0dbe014b8a24593ad2a2153329a7b3b","modified":1710758442675,"created":1710758442675,"name":"Utilizador","description":"","environment":{},"environmentPropertyOrder":null,"metaSortKey":-1710758442675,"_type":"request_group"},{"_id":"wrk_d0dbe014b8a24593ad2a2153329a7b3b","parentId":null,"modified":1709121109682,"created":1709121109682,"name":"CapyFlix","description":"","scope":"collection","_type":"workspace"},{"_id":"req_98c4405353464ff3a42ce003ddfbd23d","parentId":"fld_d414a8b710bc4d15a9d3c1163f2a659d","modified":1710758446018,"created":1709233209958,"url":"http://localhost:3000/api/utilizador/65e5a023de0f619624348e7a","name":"Seguir utilizador","description":"","method":"PATCH","body":{"mimeType":"application/json","text":"{\n\t\"novoSeguidor\":\"65e5a01cde0f619624348e79\"\n}"},"parameters":[],"headers":[{"name":"Content-Type","value":"application/json"},{"name":"User-Agent","value":"insomnia/8.6.1"}],"authentication":{},"metaSortKey":-1710758445938,"isPrivate":false,"pathParameters":[],"settingStoreCookies":true,"settingSendCookies":true,"settingDisableRenderRequestBody":false,"settingEncodeUrl":true,"settingRebuildPath":true,"settingFollowRedirects":"global","_type":"request"},{"_id":"req_ebc6b812a7d4431d9a4913f82e2db52c","parentId":"fld_d414a8b710bc4d15a9d3c1163f2a659d","modified":1710758449648,"created":1709291680664,"url":"http://localhost:3000/api/utilizador/65e1baf21f475b5f918a0e10","name":"Desseguir utilizador","description":"","method":"DELETE","body":{"mimeType":"application/json","text":"{\n\t\"quemPara\":\"65e1baf41f475b5f918a0e11\"\n}"},"parameters":[],"headers":[{"name":"Content-Type","value":"application/json"},{"name":"User-Agent","value":"insomnia/8.6.1"}],"authentication":{},"metaSortKey":-1710758445838,"isPrivate":false,"pathParameters":[],"settingStoreCookies":true,"settingSendCookies":true,"settingDisableRenderRequestBody":false,"settingEncodeUrl":true,"settingRebuildPath":true,"settingFollowRedirects":"global","_type":"request"},{"_id":"req_e5a2c02316c24fdfa87fa113a44cb1c2","parentId":"fld_d414a8b710bc4d15a9d3c1163f2a659d","modified":1710758499037,"created":1709889497459,"url":"http://localhost:3000/api/utilizador/65e5a023de0f619624348e7aprivado","name":"Obter privado user","description":"","method":"GET","body":{},"parameters":[],"headers":[{"name":"User-Agent","value":"insomnia/8.6.1"}],"authentication":{},"metaSortKey":-1710758445813,"isPrivate":false,"pathParameters":[],"settingStoreCookies":true,"settingSendCookies":true,"settingDisableRenderRequestBody":false,"settingEncodeUrl":true,"settingRebuildPath":true,"settingFollowRedirects":"global","_type":"request"},{"_id":"req_084537b8eb2d428a9322c28861729905","parentId":"fld_d414a8b710bc4d15a9d3c1163f2a659d","modified":1710758481475,"created":1709555090861,"url":"http://localhost:3000/api/utilizador/65e5a01cde0f619624348e79","name":"Alterar privado true","description":"","method":"PATCH","body":{"mimeType":"application/json","text":"{\n\t\"priv\": true\n}"},"parameters":[],"headers":[{"name":"Content-Type","value":"application/json"},{"name":"User-Agent","value":"insomnia/8.6.1"}],"authentication":{},"metaSortKey":-1710758445788,"isPrivate":false,"pathParameters":[],"settingStoreCookies":true,"settingSendCookies":true,"settingDisableRenderRequestBody":false,"settingEncodeUrl":true,"settingRebuildPath":true,"settingFollowRedirects":"global","_type":"request"},{"_id":"req_a809ba88480444deb1b91b79a95c5165","parentId":"fld_d414a8b710bc4d15a9d3c1163f2a659d","modified":1710758483804,"created":1709887191631,"url":"http://localhost:3000/api/utilizador/65e5a01cde0f619624348e79","name":"Alterar privado false","description":"","method":"PATCH","body":{"mimeType":"application/json","text":"{\n\t\"priv\": false\n}"},"parameters":[],"headers":[{"name":"Content-Type","value":"application/json"},{"name":"User-Agent","value":"insomnia/8.6.1"}],"authentication":{},"metaSortKey":-1710758445763,"isPrivate":false,"pathParameters":[],"settingStoreCookies":true,"settingSendCookies":true,"settingDisableRenderRequestBody":false,"settingEncodeUrl":true,"settingRebuildPath":true,"settingFollowRedirects":"global","_type":"request"},{"_id":"req_e816e9e0c2e240629df6ad79d616978f","parentId":"fld_d414a8b710bc4d15a9d3c1163f2a659d","modified":1710758479694,"created":1709554702323,"url":"http://localhost:3000/api/utilizador/65e5a01cde0f619624348e79","name":"Alterar password","description":"","method":"PATCH","body":{"mimeType":"application/json","text":"{\n\t\"novaPassword\": \"drogas24\"\n}"},"parameters":[],"headers":[{"name":"Content-Type","value":"application/json"},{"name":"User-Agent","value":"insomnia/8.6.1"}],"authentication":{},"metaSortKey":-1710758445738,"isPrivate":false,"pathParameters":[],"settingStoreCookies":true,"settingSendCookies":true,"settingDisableRenderRequestBody":false,"settingEncodeUrl":true,"settingRebuildPath":true,"settingFollowRedirects":"global","_type":"request"},{"_id":"req_032135a0e6f444c89db3724ba43a50a1","parentId":"fld_d414a8b710bc4d15a9d3c1163f2a659d","modified":1710758494911,"created":1709205145423,"url":"http://localhost:3000/api/comentario/novo","name":"Novo comentário filme","description":"","method":"POST","body":{"mimeType":"application/json","text":"{\n\t\"comentario\": \"Melhor cena que alguma vez vi 10/10\",\n\t\"avaliacao\": 5,\n\t\"utilizador\": \"65e5a01cde0f619624348e79\",\n\t\"tipo\": \"filme\",\n\t\"id\": \"65de739be8cef6ce35e6ec23\"\n}"},"parameters":[],"headers":[{"name":"Content-Type","value":"application/json"},{"name":"User-Agent","value":"insomnia/8.6.1"}],"authentication":{},"metaSortKey":-1710758445713,"isPrivate":false,"pathParameters":[],"settingStoreCookies":true,"settingSendCookies":true,"settingDisableRenderRequestBody":false,"settingEncodeUrl":true,"settingRebuildPath":true,"settingFollowRedirects":"global","_type":"request"},{"_id":"req_83a68c3522e447c19b34729a18ab7e5e","parentId":"fld_d414a8b710bc4d15a9d3c1163f2a659d","modified":1710758493655,"created":1709231881643,"url":"http://localhost:3000/api/comentario/novo","name":"Novo comentário série","description":"","method":"POST","body":{"mimeType":"application/json","text":"{\n\t\"comentario\": \"Melhor cena que alguma vez vi 10/10\",\n\t\"avaliacao\": 4,\n\t\"utilizador\": \"65e5a01cde0f619624348e79\",\n\t\"tipo\": \"serie\",\n\t\"id\": \"65de739fe8cef6ce35e6ec2d\"\n}"},"parameters":[],"headers":[{"name":"Content-Type","value":"application/json"},{"name":"User-Agent","value":"insomnia/8.6.1"}],"authentication":{},"metaSortKey":-1710758445688,"isPrivate":false,"pathParameters":[],"settingStoreCookies":true,"settingSendCookies":true,"settingDisableRenderRequestBody":false,"settingEncodeUrl":true,"settingRebuildPath":true,"settingFollowRedirects":"global","_type":"request"},{"_id":"req_c93f5459987744868089f320a81219b7","parentId":"fld_365581709a7848ed82ee599afc611be5","modified":1710154233756,"created":1709123712403,"url":"http://localhost:3000/api/auth/login","name":"Login","description":"","method":"POST","body":{"mimeType":"application/json","text":"{\n\t\"email\":\"VBranco@teste.net\",\n\t\"password\":\"drogas\"\n}\n"},"parameters":[],"headers":[{"name":"Content-Type","value":"application/json"},{"name":"User-Agent","value":"insomnia/8.6.1"}],"authentication":{},"metaSortKey":-1709576924537,"isPrivate":false,"pathParameters":[],"settingStoreCookies":true,"settingSendCookies":true,"settingDisableRenderRequestBody":false,"settingEncodeUrl":true,"settingRebuildPath":true,"settingFollowRedirects":"global","_type":"request"},{"_id":"fld_365581709a7848ed82ee599afc611be5","parentId":"wrk_d0dbe014b8a24593ad2a2153329a7b3b","modified":1709576912174,"created":1709576912174,"name":"Auth","description":"","environment":{},"environmentPropertyOrder":null,"metaSortKey":-1709576912174,"_type":"request_group"},{"_id":"req_366dd72e737e4df39a65c9cb1946c224","parentId":"fld_365581709a7848ed82ee599afc611be5","modified":1709814430229,"created":1709121117301,"url":"http://localhost:3000/api/auth/signup","name":"Registo V","description":"","method":"POST","body":{"mimeType":"application/json","text":"{\n\t\"nome\": \"Valter Branco\",\n\t\"email\":\"VBranco@teste.net\",\n\t\"password\":\"drogas\"\n}"},"parameters":[],"headers":[{"name":"Content-Type","value":"application/json"},{"name":"User-Agent","value":"insomnia/8.6.1"}],"authentication":{},"metaSortKey":-1709576924437,"isPrivate":false,"pathParameters":[],"settingStoreCookies":true,"settingSendCookies":true,"settingDisableRenderRequestBody":false,"settingEncodeUrl":true,"settingRebuildPath":true,"settingFollowRedirects":"global","_type":"request"},{"_id":"req_df858b0b26c746a0bb97c795af35c64e","parentId":"fld_365581709a7848ed82ee599afc611be5","modified":1709839028320,"created":1709839004811,"url":"http://localhost:3000/api/auth/signup","name":"Registo","description":"","method":"POST","body":{"mimeType":"application/json","text":"{\n\t\"nome\": \"\",\n\t\"email\":\"\",\n\t\"password\":\"\"\n}"},"parameters":[],"headers":[{"name":"Content-Type","value":"application/json"},{"name":"User-Agent","value":"insomnia/8.6.1"}],"authentication":{},"metaSortKey":-1709576924387,"isPrivate":false,"pathParameters":[],"settingStoreCookies":true,"settingSendCookies":true,"settingDisableRenderRequestBody":false,"settingEncodeUrl":true,"settingRebuildPath":true,"settingFollowRedirects":"global","_type":"request"},{"_id":"req_786694df3fad4ec38e040ee8eeebdeb0","parentId":"fld_365581709a7848ed82ee599afc611be5","modified":1709576928384,"created":1709233259189,"url":"http://localhost:3000/api/auth/signup","name":"Registo G","description":"","method":"POST","body":{"mimeType":"application/json","text":"{\n\t\"nome\": \"Gandalf, O Grande\",\n\t\"email\":\"gandalf@teste.net\",\n\t\"password\":\"magia\"\n}"},"parameters":[],"headers":[{"name":"Content-Type","value":"application/json"},{"name":"User-Agent","value":"insomnia/8.6.1"}],"authentication":{},"metaSortKey":-1709576924337,"isPrivate":false,"pathParameters":[],"settingStoreCookies":true,"settingSendCookies":true,"settingDisableRenderRequestBody":false,"settingEncodeUrl":true,"settingRebuildPath":true,"settingFollowRedirects":"global","_type":"request"},{"_id":"req_9072bb7fd1354dfa9fd072f61521b1e2","parentId":"fld_b64d7d069a774190907b61eca33da072","modified":1709805563000,"created":1709805297150,"url":"http://localhost:3000/api/utilizador/65e5a01cde0f619624348e79seguidores","name":"Seguidores","description":"","method":"GET","body":{},"parameters":[],"headers":[{"name":"User-Agent","value":"insomnia/8.6.1"}],"authentication":{},"metaSortKey":-1709576978742.375,"isPrivate":false,"pathParameters":[],"settingStoreCookies":true,"settingSendCookies":true,"settingDisableRenderRequestBody":false,"settingEncodeUrl":true,"settingRebuildPath":true,"settingFollowRedirects":"global","_type":"request"},{"_id":"fld_b64d7d069a774190907b61eca33da072","parentId":"wrk_d0dbe014b8a24593ad2a2153329a7b3b","modified":1709576980217,"created":1709576965858,"name":"Listas","description":"","environment":{},"environmentPropertyOrder":null,"metaSortKey":-1709561696265,"_type":"request_group"},{"_id":"req_a3337a62c71e48b583c55162da76ccb7","parentId":"fld_b64d7d069a774190907b61eca33da072","modified":1709805539770,"created":1709805419643,"url":"http://localhost:3000/api/utilizador/65e5a01cde0f619624348e79quemSegue","name":"QuemSegue","description":"","method":"GET","body":{},"parameters":[],"headers":[{"name":"User-Agent","value":"insomnia/8.6.1"}],"authentication":{},"metaSortKey":-1709576974870.5625,"isPrivate":false,"pathParameters":[],"settingStoreCookies":true,"settingSendCookies":true,"settingDisableRenderRequestBody":false,"settingEncodeUrl":true,"settingRebuildPath":true,"settingFollowRedirects":"global","_type":"request"},{"_id":"req_4c16e4fe72c94d1fb1b0ece2f58a634a","parentId":"fld_b64d7d069a774190907b61eca33da072","modified":1709860262083,"created":1709860256963,"url":"http://localhost:3000/api/utilizador/65e5a01cde0f619624348e79comentarios","name":"comentarios","description":"","method":"GET","body":{},"parameters":[],"headers":[{"name":"User-Agent","value":"insomnia/8.6.1"}],"authentication":{},"metaSortKey":-1709576973902.6094,"isPrivate":false,"pathParameters":[],"settingStoreCookies":true,"settingSendCookies":true,"settingDisableRenderRequestBody":false,"settingEncodeUrl":true,"settingRebuildPath":true,"settingFollowRedirects":"global","_type":"request"},{"_id":"req_c0d8091c365e4d1a9a716c9391b84391","parentId":"fld_b64d7d069a774190907b61eca33da072","modified":1709806576898,"created":1709576986486,"url":"http://localhost:3000/api/utilizador/65e5a01cde0f619624348e79porVer","name":"Por ver","description":"","method":"GET","body":{},"parameters":[],"headers":[{"name":"User-Agent","value":"insomnia/8.6.1"}],"authentication":{},"metaSortKey":-1709576972934.6562,"isPrivate":false,"pathParameters":[],"settingStoreCookies":true,"settingSendCookies":true,"settingDisableRenderRequestBody":false,"settingEncodeUrl":true,"settingRebuildPath":true,"settingFollowRedirects":"global","_type":"request"},{"_id":"req_cb5187b3f8ad4064a409c13d5b54c8a1","parentId":"fld_b64d7d069a774190907b61eca33da072","modified":1709722391428,"created":1709588650355,"url":"http://localhost:3000/api/utilizador/65e5a01cde0f619624348e79visto","name":"Visto","description":"","method":"GET","body":{},"parameters":[],"headers":[{"name":"User-Agent","value":"insomnia/8.6.1"}],"authentication":{},"metaSortKey":-1709576970998.75,"isPrivate":false,"pathParameters":[],"settingStoreCookies":true,"settingSendCookies":true,"settingDisableRenderRequestBody":false,"settingEncodeUrl":true,"settingRebuildPath":true,"settingFollowRedirects":"global","_type":"request"},{"_id":"req_61d7edcd323e4cdc99f20e31c86bdde3","parentId":"fld_b64d7d069a774190907b61eca33da072","modified":1709722378594,"created":1709588624075,"url":"http://localhost:3000/api/utilizador/65e5a01cde0f619624348e79favorito","name":"Favoritos","description":"","method":"GET","body":{},"parameters":[],"headers":[{"name":"User-Agent","value":"insomnia/8.6.1"}],"authentication":{},"metaSortKey":-1709576955511.5,"isPrivate":false,"pathParameters":[],"settingStoreCookies":true,"settingSendCookies":true,"settingDisableRenderRequestBody":false,"settingEncodeUrl":true,"settingRebuildPath":true,"settingFollowRedirects":"global","_type":"request"},{"_id":"req_9071229fdccf492f83774190c52c4791","parentId":"fld_ebbd15f6b88c4069a3667f0af5160f65","modified":1709809504506,"created":1709809326502,"url":"http://localhost:3000/api/serie/65de739fe8cef6ce35e6ec2dcomentarios","name":"Obter comentarios","description":"","method":"GET","body":{},"parameters":[],"headers":[{"name":"User-Agent","value":"insomnia/8.6.1"}],"authentication":{},"metaSortKey":-1709546489341,"isPrivate":false,"pathParameters":[],"settingStoreCookies":true,"settingSendCookies":true,"settingDisableRenderRequestBody":false,"settingEncodeUrl":true,"settingRebuildPath":true,"settingFollowRedirects":"global","_type":"request"},{"_id":"fld_ebbd15f6b88c4069a3667f0af5160f65","parentId":"wrk_d0dbe014b8a24593ad2a2153329a7b3b","modified":1709546779956,"created":1709546582850,"name":"Listas - Series","description":"","environment":{},"environmentPropertyOrder":null,"metaSortKey":-1709546480356,"_type":"request_group"},{"_id":"req_85a0793eb1344cb9a8bcdbfa97885483","parentId":"fld_ebbd15f6b88c4069a3667f0af5160f65","modified":1709577093949,"created":1709546582852,"url":"http://localhost:3000/api/serie/65de739fe8cef6ce35e6ec2d","name":"Add visto","description":"","method":"PATCH","body":{"mimeType":"application/json","text":"{\n\t\"lista\":\"visto\",\n\t\"idUtilizador\":\"65e5a01cde0f619624348e79\"\n}"},"parameters":[],"headers":[{"name":"Content-Type","value":"application/json"},{"name":"User-Agent","value":"insomnia/8.6.1"}],"authentication":{},"metaSortKey":-1709546489241,"isPrivate":false,"pathParameters":[],"settingStoreCookies":true,"settingSendCookies":true,"settingDisableRenderRequestBody":false,"settingEncodeUrl":true,"settingRebuildPath":true,"settingFollowRedirects":"global","_type":"request"},{"_id":"req_07182e1234be453191751e3d982b9432","parentId":"fld_ebbd15f6b88c4069a3667f0af5160f65","modified":1709563102665,"created":1709546582857,"url":"http://localhost:3000/api/serie/65de739fe8cef6ce35e6ec2d","name":"Del visto","description":"","method":"DELETE","body":{"mimeType":"application/json","text":"{\n\t\"lista\":\"visto\",\n\t\"idUtilizador\":\"65e5a01cde0f619624348e79\"\n}"},"parameters":[],"headers":[{"name":"Content-Type","value":"application/json"},{"name":"User-Agent","value":"insomnia/8.6.1"}],"authentication":{},"metaSortKey":-1709546489191,"isPrivate":false,"pathParameters":[],"settingStoreCookies":true,"settingSendCookies":true,"settingDisableRenderRequestBody":false,"settingEncodeUrl":true,"settingRebuildPath":true,"settingFollowRedirects":"global","_type":"request"},{"_id":"req_505d1846868f432d936de5ce83cd241c","parentId":"fld_ebbd15f6b88c4069a3667f0af5160f65","modified":1709547582247,"created":1709546582853,"url":"http://localhost:3000/api/serie/65de739fe8cef6ce35e6ec2d","name":"Add favorito","description":"","method":"PATCH","body":{"mimeType":"application/json","text":"{\n\t\"lista\":\"favorito\",\n\t\"idUtilizador\":\"65e5a01cde0f619624348e79\"\n}"},"parameters":[],"headers":[{"name":"Content-Type","value":"application/json"},{"name":"User-Agent","value":"insomnia/8.6.1"}],"authentication":{},"metaSortKey":-1709546489141,"isPrivate":false,"pathParameters":[],"settingStoreCookies":true,"settingSendCookies":true,"settingDisableRenderRequestBody":false,"settingEncodeUrl":true,"settingRebuildPath":true,"settingFollowRedirects":"global","_type":"request"},{"_id":"req_39ac7e592f9542d6b3640ce37637713f","parentId":"fld_ebbd15f6b88c4069a3667f0af5160f65","modified":1709547585072,"created":1709546582860,"url":"http://localhost:3000/api/serie/65de739fe8cef6ce35e6ec2d","name":"Del favorito","description":"","method":"DELETE","body":{"mimeType":"application/json","text":"{\n\t\"lista\":\"favorito\",\n\t\"idUtilizador\":\"65e5a01cde0f619624348e79\"\n}"},"parameters":[],"headers":[{"name":"Content-Type","value":"application/json"},{"name":"User-Agent","value":"insomnia/8.6.1"}],"authentication":{},"metaSortKey":-1709546489091,"isPrivate":false,"pathParameters":[],"settingStoreCookies":true,"settingSendCookies":true,"settingDisableRenderRequestBody":false,"settingEncodeUrl":true,"settingRebuildPath":true,"settingFollowRedirects":"global","_type":"request"},{"_id":"req_5a9b3d3ce9ae4e349b80e106b82f0578","parentId":"fld_ebbd15f6b88c4069a3667f0af5160f65","modified":1709577343381,"created":1709546582855,"url":"http://localhost:3000/api/serie/65de739fe8cef6ce35e6ec30","name":"Add por ver","description":"","method":"PATCH","body":{"mimeType":"application/json","text":"{\n\t\"lista\":\"porVer\",\n\t\"idUtilizador\":\"65e5a01cde0f619624348e79\"\n}"},"parameters":[],"headers":[{"name":"Content-Type","value":"application/json"},{"name":"User-Agent","value":"insomnia/8.6.1"}],"authentication":{},"metaSortKey":-1709546489041,"isPrivate":false,"pathParameters":[],"settingStoreCookies":true,"settingSendCookies":true,"settingDisableRenderRequestBody":false,"settingEncodeUrl":true,"settingRebuildPath":true,"settingFollowRedirects":"global","_type":"request"},{"_id":"req_60c81478ed7d433f9713ec0443b4d254","parentId":"fld_ebbd15f6b88c4069a3667f0af5160f65","modified":1709586762889,"created":1709546582858,"url":"http://localhost:3000/api/serie/65de739fe8cef6ce35e6ec2d","name":"Del por ver","description":"","method":"DELETE","body":{"mimeType":"application/json","text":"{\n\t\"lista\":\"porVer\",\n\t\"idUtilizador\":\"65e5a01cde0f619624348e79\"\n}"},"parameters":[],"headers":[{"name":"Content-Type","value":"application/json"},{"name":"User-Agent","value":"insomnia/8.6.1"}],"authentication":{},"metaSortKey":-1709546488941,"isPrivate":false,"pathParameters":[],"settingStoreCookies":true,"settingSendCookies":true,"settingDisableRenderRequestBody":false,"settingEncodeUrl":true,"settingRebuildPath":true,"settingFollowRedirects":"global","_type":"request"},{"_id":"req_6c2e926ab389446089665f9d342d171e","parentId":"fld_ebbd15f6b88c4069a3667f0af5160f65","modified":1709631001637,"created":1709547158211,"url":"http://localhost:3000/api/serie/65de739fe8cef6ce35e6ec2d","name":"Add ep por ver","description":"","method":"PATCH","body":{"mimeType":"application/json","text":"{\n\t\"lista\":\"porVer\",\n\t\"idUtilizador\":\"65e5a01cde0f619624348e79\",\n\t\"episodio\":4\n}"},"parameters":[],"headers":[{"name":"Content-Type","value":"application/json"},{"name":"User-Agent","value":"insomnia/8.6.1"}],"authentication":{},"metaSortKey":-1709546488916,"isPrivate":false,"pathParameters":[],"settingStoreCookies":true,"settingSendCookies":true,"settingDisableRenderRequestBody":false,"settingEncodeUrl":true,"settingRebuildPath":true,"settingFollowRedirects":"global","_type":"request"},{"_id":"req_8f7a519e487f4551a0247b77b00d7777","parentId":"fld_ebbd15f6b88c4069a3667f0af5160f65","modified":1709551705968,"created":1709547167594,"url":"http://localhost:3000/api/serie/65de739fe8cef6ce35e6ec2d","name":"Del ep por ver","description":"","method":"DELETE","body":{"mimeType":"application/json","text":"{\n\t\"lista\":\"porVer\",\n\t\"idUtilizador\":\"65e5a01cde0f619624348e79\",\n\t\"episodio\":4\n}"},"parameters":[],"headers":[{"name":"Content-Type","value":"application/json"},{"name":"User-Agent","value":"insomnia/8.6.1"}],"authentication":{},"metaSortKey":-1709546488891,"isPrivate":false,"pathParameters":[],"settingStoreCookies":true,"settingSendCookies":true,"settingDisableRenderRequestBody":false,"settingEncodeUrl":true,"settingRebuildPath":true,"settingFollowRedirects":"global","_type":"request"},{"_id":"req_91357aa6d72f4284abaf5f3e2f23518e","parentId":"fld_b512ca398a2341a7ad9227512109eb0e","modified":1710758519038,"created":1709132253625,"url":"http://localhost:3000/api/filme/65de739be8cef6ce35e6ec23comentarios","name":"Obter comentarios","description":"","method":"GET","body":{},"parameters":[],"headers":[{"name":"User-Agent","value":"insomnia/8.6.1"}],"authentication":{},"metaSortKey":-1709546489291,"isPrivate":false,"pathParameters":[],"settingStoreCookies":true,"settingSendCookies":true,"settingDisableRenderRequestBody":false,"settingEncodeUrl":true,"settingRebuildPath":true,"settingFollowRedirects":"global","_type":"request"},{"_id":"fld_b512ca398a2341a7ad9227512109eb0e","parentId":"wrk_d0dbe014b8a24593ad2a2153329a7b3b","modified":1709546480256,"created":1709546480256,"name":"Listas - Filmes","description":"","environment":{},"environmentPropertyOrder":null,"metaSortKey":-1709546480256,"_type":"request_group"},{"_id":"req_cdd96b26d78a405c8d0a0b8a383e511f","parentId":"fld_b512ca398a2341a7ad9227512109eb0e","modified":1709587089132,"created":1709304192829,"url":"http://localhost:3000/api/filme/65de739be8cef6ce35e6ec23","name":"Add visto","description":"","method":"PATCH","body":{"mimeType":"application/json","text":"{\n\t\"lista\":\"visto\",\n\t\"idUtilizador\":\"65e5a01cde0f619624348e79\"\n}"},"parameters":[],"headers":[{"name":"Content-Type","value":"application/json"},{"name":"User-Agent","value":"insomnia/8.6.1"}],"authentication":{},"metaSortKey":-1709546489241,"isPrivate":false,"pathParameters":[],"settingStoreCookies":true,"settingSendCookies":true,"settingDisableRenderRequestBody":false,"settingEncodeUrl":true,"settingRebuildPath":true,"settingFollowRedirects":"global","_type":"request"},{"_id":"req_9bbaddd6589d420987b846e3ec6d8d09","parentId":"fld_b512ca398a2341a7ad9227512109eb0e","modified":1709587167069,"created":1709544997517,"url":"http://localhost:3000/api/filme/65de739be8cef6ce35e6ec23","name":"Del visto","description":"","method":"DELETE","body":{"mimeType":"application/json","text":"{\n\t\"lista\":\"visto\",\n\t\"idUtilizador\":\"65e5a01cde0f619624348e79\"\n}"},"parameters":[],"headers":[{"name":"Content-Type","value":"application/json"},{"name":"User-Agent","value":"insomnia/8.6.1"}],"authentication":{},"metaSortKey":-1709546489191,"isPrivate":false,"pathParameters":[],"settingStoreCookies":true,"settingSendCookies":true,"settingDisableRenderRequestBody":false,"settingEncodeUrl":true,"settingRebuildPath":true,"settingFollowRedirects":"global","_type":"request"},{"_id":"req_716212d7e2e4480aba9c45b85bffcc40","parentId":"fld_b512ca398a2341a7ad9227512109eb0e","modified":1709577104703,"created":1709458526765,"url":"http://localhost:3000/api/filme/65de739be8cef6ce35e6ec23","name":"Add favorito","description":"","method":"PATCH","body":{"mimeType":"application/json","text":"{\n\t\"lista\":\"favorito\",\n\t\"idUtilizador\":\"65e5a01cde0f619624348e79\"\n}"},"parameters":[],"headers":[{"name":"Content-Type","value":"application/json"},{"name":"User-Agent","value":"insomnia/8.6.1"}],"authentication":{},"metaSortKey":-1709546489141,"isPrivate":false,"pathParameters":[],"settingStoreCookies":true,"settingSendCookies":true,"settingDisableRenderRequestBody":false,"settingEncodeUrl":true,"settingRebuildPath":true,"settingFollowRedirects":"global","_type":"request"},{"_id":"req_a33952272f9d48c7a1d844826103975b","parentId":"fld_b512ca398a2341a7ad9227512109eb0e","modified":1709586729283,"created":1709545609580,"url":"http://localhost:3000/api/filme/65de739be8cef6ce35e6ec23","name":"Del favorito","description":"","method":"DELETE","body":{"mimeType":"application/json","text":"{\n\t\"lista\":\"favorito\",\n\t\"idUtilizador\":\"65e5a01cde0f619624348e79\"\n}"},"parameters":[],"headers":[{"name":"Content-Type","value":"application/json"},{"name":"User-Agent","value":"insomnia/8.6.1"}],"authentication":{},"metaSortKey":-1709546489091,"isPrivate":false,"pathParameters":[],"settingStoreCookies":true,"settingSendCookies":true,"settingDisableRenderRequestBody":false,"settingEncodeUrl":true,"settingRebuildPath":true,"settingFollowRedirects":"global","_type":"request"},{"_id":"req_ce5f325dabff40519d0f3d9a735b5164","parentId":"fld_b512ca398a2341a7ad9227512109eb0e","modified":1709577106638,"created":1709458537012,"url":"http://localhost:3000/api/filme/65de739be8cef6ce35e6ec23","name":"Add por ver","description":"","method":"PATCH","body":{"mimeType":"application/json","text":"{\n\t\"lista\":\"porVer\",\n\t\"idUtilizador\":\"65e5a01cde0f619624348e79\"\n}"},"parameters":[],"headers":[{"name":"Content-Type","value":"application/json"},{"name":"User-Agent","value":"insomnia/8.6.1"}],"authentication":{},"metaSortKey":-1709546489041,"isPrivate":false,"pathParameters":[],"settingStoreCookies":true,"settingSendCookies":true,"settingDisableRenderRequestBody":false,"settingEncodeUrl":true,"settingRebuildPath":true,"settingFollowRedirects":"global","_type":"request"},{"_id":"req_7598d94529ce41c5abe1093e8ce946e9","parentId":"fld_b512ca398a2341a7ad9227512109eb0e","modified":1709586733200,"created":1709545376634,"url":"http://localhost:3000/api/filme/65de739be8cef6ce35e6ec23","name":"Del por ver","description":"","method":"DELETE","body":{"mimeType":"application/json","text":"{\n\t\"lista\":\"porVer\",\n\t\"idUtilizador\":\"65e5a01cde0f619624348e79\"\n}"},"parameters":[],"headers":[{"name":"Content-Type","value":"application/json"},{"name":"User-Agent","value":"insomnia/8.6.1"}],"authentication":{},"metaSortKey":-1709546488941,"isPrivate":false,"pathParameters":[],"settingStoreCookies":true,"settingSendCookies":true,"settingDisableRenderRequestBody":false,"settingEncodeUrl":true,"settingRebuildPath":true,"settingFollowRedirects":"global","_type":"request"},{"_id":"req_7e03629adb90493caf77806f43eb248f","parentId":"wrk_d0dbe014b8a24593ad2a2153329a7b3b","modified":1709207603520,"created":1709129996387,"url":"http://localhost:3000/api/equipa/65de73a5e8cef6ce35e6ec34","name":"Obter 1 membro equipa","description":"","method":"GET","body":{},"parameters":[],"headers":[{"name":"User-Agent","value":"insomnia/8.6.1"}],"authentication":{},"metaSortKey":-1709129996387,"isPrivate":false,"pathParameters":[],"settingStoreCookies":true,"settingSendCookies":true,"settingDisableRenderRequestBody":false,"settingEncodeUrl":true,"settingRebuildPath":true,"settingFollowRedirects":"global","_type":"request"},{"_id":"req_0a0de641889f4cc499450dae728a0370","parentId":"wrk_d0dbe014b8a24593ad2a2153329a7b3b","modified":1709807521815,"created":1709208934909,"url":"http://localhost:3000/api/comentario/65e613c15b33078dd35aabf3","name":"Obter 1 comentario","description":"","method":"GET","body":{},"parameters":[],"headers":[{"name":"User-Agent","value":"insomnia/8.6.1"}],"authentication":{},"metaSortKey":-1709128886501.25,"isPrivate":false,"pathParameters":[],"settingStoreCookies":true,"settingSendCookies":true,"settingDisableRenderRequestBody":false,"settingEncodeUrl":true,"settingRebuildPath":true,"settingFollowRedirects":"global","_type":"request"},{"_id":"req_24a0d6c3a3b0483f9a09e324710699e2","parentId":"wrk_d0dbe014b8a24593ad2a2153329a7b3b","modified":1709810823428,"created":1709809561820,"url":"http://localhost:3000/api/filme/65de739be8cef6ce35e6ec23","name":"Obter 1 filme","description":"","method":"GET","body":{},"parameters":[],"headers":[{"name":"User-Agent","value":"insomnia/8.6.1"}],"authentication":{},"metaSortKey":-1709126111786.875,"isPrivate":false,"pathParameters":[],"settingStoreCookies":true,"settingSendCookies":true,"settingDisableRenderRequestBody":false,"settingEncodeUrl":true,"settingRebuildPath":true,"settingFollowRedirects":"global","_type":"request"},{"_id":"req_4d0e6cf38b9c46ff825c8ad762321497","parentId":"wrk_d0dbe014b8a24593ad2a2153329a7b3b","modified":1709672436779,"created":1709637108084,"url":"http://localhost:3000/api/filme/random","name":"Obter 1 filme random","description":"","method":"GET","body":{},"parameters":[],"headers":[{"name":"User-Agent","value":"insomnia/8.6.1"}],"authentication":{},"metaSortKey":-1709124446958.25,"isPrivate":false,"pathParameters":[],"settingStoreCookies":true,"settingSendCookies":true,"settingDisableRenderRequestBody":false,"settingEncodeUrl":true,"settingRebuildPath":true,"settingFollowRedirects":"global","_type":"request"},{"_id":"req_fe6ae728dffd4bad9f9aa4bd89297ead","parentId":"wrk_d0dbe014b8a24593ad2a2153329a7b3b","modified":1709562794502,"created":1709133048079,"url":"http://localhost:3000/api/serie/65de739fe8cef6ce35e6ec2d","name":"Obter 1 serie","description":"","method":"GET","body":{},"parameters":[],"headers":[{"name":"User-Agent","value":"insomnia/8.6.1"}],"authentication":{},"metaSortKey":-1709123337072.5,"isPrivate":false,"pathParameters":[],"settingStoreCookies":true,"settingSendCookies":true,"settingDisableRenderRequestBody":false,"settingEncodeUrl":true,"settingRebuildPath":true,"settingFollowRedirects":"global","_type":"request"},{"_id":"req_daed13d0dbd045f9b87bf01882e6e759","parentId":"wrk_d0dbe014b8a24593ad2a2153329a7b3b","modified":1709637488255,"created":1709637484516,"url":"http://localhost:3000/api/serie/random","name":"Obter 1 serie random","description":"","method":"GET","body":{},"parameters":[],"headers":[{"name":"User-Agent","value":"insomnia/8.6.1"}],"authentication":{},"metaSortKey":-1709122782129.625,"isPrivate":false,"pathParameters":[],"settingStoreCookies":true,"settingSendCookies":true,"settingDisableRenderRequestBody":false,"settingEncodeUrl":true,"settingRebuildPath":true,"settingFollowRedirects":"global","_type":"request"},{"_id":"req_eb8fddbb8e854fd19dce4337dd4589f1","parentId":"wrk_d0dbe014b8a24593ad2a2153329a7b3b","modified":1710758512443,"created":1709723689396,"url":"http://localhost:3000/api/pesquisa/a","name":"Pesquisa","description":"","method":"GET","body":{},"parameters":[],"headers":[{"name":"User-Agent","value":"insomnia/8.6.1"}],"authentication":{},"metaSortKey":-1709122782029.625,"isPrivate":false,"pathParameters":[],"settingStoreCookies":true,"settingSendCookies":true,"settingDisableRenderRequestBody":false,"settingEncodeUrl":true,"settingRebuildPath":true,"settingFollowRedirects":"global","_type":"request"},{"_id":"req_4f429619995b4af793e6981831bd4a3a","parentId":"wrk_d0dbe014b8a24593ad2a2153329a7b3b","modified":1710758515266,"created":1709839988385,"url":"http://localhost:3000/api/pesquisa/ultimosCinco","name":"Ultimos 5","description":"","method":"GET","body":{},"parameters":[],"headers":[{"name":"User-Agent","value":"insomnia/8.6.1"}],"authentication":{},"metaSortKey":-1709122781929.625,"isPrivate":false,"pathParameters":[],"settingStoreCookies":true,"settingSendCookies":true,"settingDisableRenderRequestBody":false,"settingEncodeUrl":true,"settingRebuildPath":true,"settingFollowRedirects":"global","_type":"request"},{"_id":"req_2afcd5139d0c4561a60e4f3552807538","parentId":"wrk_d0dbe014b8a24593ad2a2153329a7b3b","modified":1710758516718,"created":1709652516187,"url":"http://localhost:3000/api/startupdate","name":"Começar update","description":"","method":"GET","body":{},"parameters":[],"headers":[{"name":"User-Agent","value":"insomnia/8.6.1"}],"authentication":{},"metaSortKey":-1709122781829.625,"isPrivate":false,"pathParameters":[],"settingStoreCookies":true,"settingSendCookies":true,"settingDisableRenderRequestBody":false,"settingEncodeUrl":true,"settingRebuildPath":true,"settingFollowRedirects":"global","_type":"request"},{"_id":"env_19fe41907ad43bb66526e16e568e07bb901d3c83","parentId":"wrk_d0dbe014b8a24593ad2a2153329a7b3b","modified":1709121109685,"created":1709121109685,"name":"Base Environment","data":{},"dataPropertyOrder":null,"color":null,"isPrivate":false,"metaSortKey":1709121109685,"_type":"environment"},{"_id":"jar_19fe41907ad43bb66526e16e568e07bb901d3c83","parentId":"wrk_d0dbe014b8a24593ad2a2153329a7b3b","modified":1709121109688,"created":1709121109688,"name":"Default Jar","cookies":[],"_type":"cookie_jar"}]}